"Linux","name"
"Linux","Counter-Strike"
"Linux","Team Fortress Classic"
"Linux","Day of Defeat"
"Linux","Deathmatch Classic"
"Linux","Half-Life: Opposing Force"
"Linux","Ricochet"
"Linux","Half-Life"
"Linux","Counter-Strike: Condition Zero"
"Linux","Counter-Strike: Condition Zero Deleted Scenes"
"Linux","Half-Life: Blue Shift"
"Linux","Half-Life 2"
"Linux","Counter-Strike: Source"
"Linux","Half-Life: Source"
"Linux","Day of Defeat: Source"
"Linux","Half-Life 2: Deathmatch"
"Linux","Half-Life 2: Lost Coast"
"Linux","Half-Life Deathmatch: Source"
"Linux","Half-Life 2: Episode One"
"Linux","Portal"
"Linux","Half-Life 2: Episode Two"
"Linux","Team Fortress 2"
"Linux","Left 4 Dead 2"
"Linux","Dota 2"
"Linux","Portal 2"
"Linux","Portal 2 - Pre-order"
"Linux","Counter-Strike: Global Offensive"
"Linux","Red Orchestra: Ostfront 41-45"
"Linux","Killing Floor"
"Linux","Darwinia"
"Linux","Uplink"
"Linux","DEFCON"
"Linux","Earth 2160"
"Linux","Two Worlds: Epic Edition"
"Linux","X3: Reunion"
"Linux","X3: Terran Conflict"
"Linux","X Rebirth"
"Linux","Psychonauts"
"Linux","Garry's Mod"
"Linux","Medieval II: Total War"
"Linux","Medieval II: Total War Kingdoms"
"Linux","Natural Selection 2"
"Linux","Natural Selection 2 - Deluxe DLC"
"Linux","Shank"
"Linux","Shank pre-order"
"Linux","BioShock Infinite"
"Linux","Sid Meier's Civilization V"
"Linux","Saints Row 2"
"Linux","Empire: Total War"
"Linux","Overlord"
"Linux","Overlord: Raising Hell"
"Linux","Overlord II"
"Linux","Harvest: Massive Encounter"
"Linux","AaaaaAAaaaAAAaaAAAAaAAAAA!!! for the Awesome"
"Linux","Pirates, Vikings, & Knights II"
"Linux","Nuclear Dawn"
"Linux","Spectraball"
"Linux","And Yet It Moves"
"Linux","Shatter"
"Linux","The Witcher 2: Assassins of Kings Enhanced Edition"
"Linux","World of Goo"
"Linux","Penumbra: Black Plague"
"Linux","Penumbra: Requiem"
"Linux","Penumbra: Overture"
"Linux","Worms Reloaded"
"Linux","Depths of Peril"
"Linux","Aquaria"
"Linux","Overgrowth"
"Linux","Lugaru HD"
"Linux","Eschalon: Book 1"
"Linux","Eschalon: Book 2"
"Linux","Cogs"
"Linux","Braid"
"Linux","The Graveyard"
"Linux","Blueberry Garden"
"Linux","Osmos"
"Linux","Broken Sword 2 - the Smoking Mirror: Remastered"
"Linux","Eversion"
"Linux","Dwarfs!?"
"Linux","Trine"
"Linux","Trine 2"
"Linux","Goblin Menace DLC"
"Linux","Toki Tori"
"Linux","RUSH"
"Linux","EDGE"
"Linux","Nation Red"
"Linux","AI War: Fleet Command"
"Linux","Tidalis"
"Linux","Super Meat Boy"
"Linux","Serious Sam 3: BFE"
"Linux","Hammerfight"
"Linux","Altitude"
"Linux","Gratuitous Space Battles"
"Linux","The Bard's Tale"
"Linux","Galcon Fusion"
"Linux","Secret of the Magic Crystal"
"Linux","Fortix 2"
"Linux","Making History II: The War of the World"
"Linux","Stronghold 3"
"Linux","LIMBO"
"Linux","Mount & Blade: Warband"
"Linux","Borderlands 2"
"Linux","Beat Hazard"
"Linux","Sid Meier's Civilization V"
"Linux","Spec Ops: The Line"
"Linux","Mac Portal"
"Linux","Atom Zombie Smasher"
"Linux","Saints Row: The Third"
"Linux","Amnesia: The Dark Descent"
"Linux","Broken Sword 1 - Shadow of the Templars: Director's Cut"
"Linux","Jagged Alliance - Back in Action"
"Linux","Wargame: European Escalation"
"Linux","Zen Bound® 2"
"Linux","HOARD"
"Linux","Dustforce"
"Linux","Dungeon Defenders"
"Linux","Sid Meier's Civilization: Beyond Earth"
"Linux","The Polynomial"
"Linux","Hacker Evolution"
"Linux","Hacker Evolution - Untold"
"Linux","Hacker Evolution Duality"
"Linux","VVVVVV"
"Linux","Closure"
"Linux","Cities in Motion"
"Linux","Gemini Rue"
"Linux","The Blackwell Legacy"
"Linux","Blackwell Unbound"
"Linux","Blackwell Convergence"
"Linux","Anomaly Warzone Earth"
"Linux","SpaceChem"
"Linux","Revenge of the Titans"
"Linux","Super Splatters"
"Linux","Capsized"
"Linux","ibb & obb"
"Linux","The Tiny Bang Story"
"Linux","Steel Storm: Burning Retribution"
"Linux","Solar 2"
"Linux","Frozen Synapse"
"Linux","Dungeons of Dredmor"
"Linux","NightSky"
"Linux","Silo 2"
"Linux","Shank 2"
"Linux","Terraria"
"Linux","Bastion"
"Linux","Space Pirates and Zombies"
"Linux","Rochard"
"Linux","Ticket to Ride"
"Linux","The Clockwork Man"
"Linux","The Clockwork Man: The Hidden World"
"Linux","Snuggle Truck"
"Linux","Blocks That Matter"
"Linux","Avadon: The Black Fortress"
"Linux","Monaco"
"Linux","Costume Quest"
"Linux","Stacking"
"Linux","Oil Rush"
"Linux","XCOM: Enemy Unknown"
"Linux","Torchlight II"
"Linux","Cave Story+"
"Linux","Before the Echo"
"Linux","Galcon Legends"
"Linux","Toki Tori 2+"
"Linux","DiRT Showdown"
"Linux","Dynamite Jack"
"Linux","Tomb Raider"
"Linux","Titan Attacks"
"Linux","Containment: The Zombie Puzzler"
"Linux","Crusader Kings II"
"Linux","SATAZIUS"
"Linux","Superbrothers: Sword & Sworcery EP"
"Linux","Waveform"
"Linux","Snapshot"
"Linux","The Bridge"
"Linux","Awesomenauts"
"Linux","Retro City Rampage™ DX"
"Linux","Insanely Twisted Shadow Planet"
"Linux","Tiny and Big: Grandpa's Leftovers"
"Linux","Warlock 2: the Exiled"
"Linux","Gunpoint"
"Linux","Tales from Space: Mutant Blobs Attack"
"Linux","Saints Row IV"
"Linux","To the Moon"
"Linux","iBomber Defense Pacific"
"Linux","SpeedRunners"
"Linux","Legend of Grimrock"
"Linux","Cubemen"
"Linux","Wizorb"
"Linux","English Country Tune"
"Linux","A Virus Named TOM"
"Linux","Symphony"
"Linux","STAR WARS™ Knights of the Old Republic™ II: The Sith Lords™"
"Linux","Apotheon"
"Linux","Drunken Robot Pornography"
"Linux","Guns of Icarus Online"
"Linux","Stealth Bastard Deluxe"
"Linux","Hero Academy"
"Linux","A Valley Without Wind"
"Linux","Analogue: A Hate Story"
"Linux","Strike Suit Zero"
"Linux","Splice"
"Linux","Spirits"
"Linux","Sanctum 2"
"Linux","Unmechanical"
"Linux","They Bleed Pixels"
"Linux","Magical Diary"
"Linux","Adventures of Shuggy"
"Linux","Starbound"
"Linux","Conquest of Elysium 3"
"Linux","Star Conflict"
"Linux","FTL: Faster Than Light"
"Linux","Super Crate Box"
"Linux","Deponia"
"Linux","Gear Up"
"Linux","Alien: Isolation"
"Linux","Eets Munchies"
"Linux","Mark of the Ninja"
"Linux","Guacamelee! Gold Edition"
"Linux","Painkiller Hell & Damnation"
"Linux","Intrusion 2"
"Linux","WAKFU"
"Linux","The Book of Unwritten Tales"
"Linux","Rocketbirds: Hardboiled Chicken"
"Linux","Gateways"
"Linux","Din's Curse"
"Linux","Anna - Extended Edition"
"Linux","BIT.TRIP Presents... Runner2: Future Legend of Rhythm Alien"
"Linux","Unity of Command"
"Linux","Defender's Quest: Valley of the Forgotten"
"Linux","PAYDAY 2"
"Linux","iBomber Attack"
"Linux","Mercenary Kings"
"Linux","Hotline Miami"
"Linux","Ultratron"
"Linux","Droid Assault"
"Linux","Chivalry: Medieval Warfare"
"Linux","Proteus"
"Linux","Don't Starve"
"Linux","King Arthur's Gold"
"Linux","Antichamber"
"Linux","Edna & Harvey: Harvey's New Eyes"
"Linux","The Journey Down: Chapter One"
"Linux","Kerbal Space Program"
"Linux","Cargo Commander"
"Linux","Chaos on Deponia"
"Linux","Jack Lumber"
"Linux","Eufloria HD"
"Linux","Little Inferno"
"Linux","Defense Grid 2"
"Linux","Super Hexagon"
"Linux","The Cave"
"Linux","The Book of Unwritten Tales: The Critter Chronicles"
"Linux","The Stanley Parable"
"Linux","Puddle"
"Linux","Champions of Regnum"
"Linux","Wargame: AirLand Battle"
"Linux","Insurgency"
"Linux","POSTAL 2"
"Linux","Xenonauts"
"Linux","No More Room in Hell"
"Linux","Octodad: Dadliest Catch"
"Linux","Gnomoria"
"Linux","FEZ"
"Linux","Arma Tactics"
"Linux","Shadow Warrior Classic Redux"
"Linux","Brütal Legend"
"Linux","Cities in Motion 2"
"Linux","Weird Worlds: Return to Infinite Space"
"Linux","Desktop Dungeons"
"Linux","Monster Loves You!"
"Linux","Age of Wonders III"
"Linux","Ironclad Tactics"
"Linux","Papo & Yo"
"Linux","Kinetic Void"
"Linux","Waking Mars"
"Linux","Euro Truck Simulator 2"
"Linux","10000000"
"Linux","Castle Story"
"Linux","Baldur's Gate: Enhanced Edition"
"Linux","A Valley Without Wind 2"
"Linux","Cubemen 2"
"Linux","Skulls of the Shogun"
"Linux","Dungeon Hearts"
"Linux","Hacker Evolution IMMERSION"
"Linux","War for the Overworld"
"Linux","Universe Sandbox ²"
"Linux","Akaneiro: Demon Hunters"
"Linux","La-Mulana"
"Linux","DIVO"
"Linux","Cannon Brawl"
"Linux","Beatbuddy: Tale of the Guardians"
"Linux","The Swapper"
"Linux","Kentucky Route Zero"
"Linux","MirrorMoon EP"
"Linux","Deadfall Adventures"
"Linux","Company of Heroes 2"
"Linux","Bad Hotel"
"Linux","Knights of Pen and Paper +1"
"Linux","Leisure Suit Larry in the Land of the Lounge Lizards: Reloaded"
"Linux","Gone Home"
"Linux","POSTAL"
"Linux","Broken Age"
"Linux","Shadow Warrior"
"Linux","LUFTRAUSERS"
"Linux","Air Conflicts: Vietnam"
"Linux","Kairo"
"Linux","Planetary Annihilation"
"Linux","The Raven - Legacy of a Master Thief"
"Linux","Prison Architect"
"Linux","Another World"
"Linux","Distance"
"Linux","Sword of the Stars: The Pit"
"Linux","Surgeon Simulator"
"Linux","Organ Trail: Director's Cut"
"Linux","Worms Clan Wars"
"Linux","Unepic"
"Linux","Gear Up: Premium"
"Linux","Timelines: Assault on America"
"Linux","Receiver"
"Linux","Shattered Haven"
"Linux","Teleglitch: Die More Edition"
"Linux","Shadowrun Returns"
"Linux","Dyscourse"
"Linux","The 39 Steps"
"Linux","Small World 2"
"Linux","Audiosurf 2"
"Linux","Element4l"
"Linux","Tetrobot and Co."
"Linux","Dust: An Elysian Tail"
"Linux","Interstellar Marines"
"Linux","War Thunder"
"Linux","Anomaly 2"
"Linux","Europa Universalis IV"
"Linux","Frozen Cortex"
"Linux","Expeditions: Conquistador"
"Linux","Battle Worlds: Kronos"
"Linux","Realms of Arkania: Blade of Destiny"
"Linux","Dreamfall Chapters"
"Linux","Planet Explorers"
"Linux","Transistor"
"Linux","The Banner Saga"
"Linux","System Shock 2"
"Linux","Legend of Dungeon"
"Linux","Outlast"
"Linux","Magicka 2"
"Linux","BattleBlock Theater"
"Linux","Fist Puncher"
"Linux","Skyward Collapse"
"Linux","Bionic Dues"
"Linux","Papers, Please"
"Linux","Hammerwatch"
"Linux","Dying Light"
"Linux","Amnesia: A Machine for Pigs"
"Linux","Q.U.B.E: Director's Cut"
"Linux","Hate Plus"
"Linux","Bleed"
"Linux","Game Dev Tycoon"
"Linux","Wasteland 2"
"Linux","Contraption Maker"
"Linux","Ittle Dew"
"Linux","Rogue Legacy"
"Linux","Goodbye Deponia"
"Linux","Middle-earth: Shadow of Mordor"
"Linux","Joe Danger 2: The Movie"
"Linux","The Chaos Engine"
"Linux","Space Hulk"
"Linux","Nuclear Throne"
"Linux","140"
"Linux","Verdun"
"Linux","Sir, You Are Being Hunted"
"Linux","Glare"
"Linux","Mushroom 11"
"Linux","PixelJunk™ Monsters Ultimate"
"Linux","Bound By Flame"
"Linux","Invisible, Inc."
"Linux","StarMade"
"Linux","Foul Play"
"Linux","Wing IDE 5"
"Linux","Electronic Super Joy"
"Linux","SNOW"
"Linux","The Novelist"
"Linux","Skullgirls"
"Linux","I Have No Mouth, and I Must Scream"
"Linux","Wizardry 6: Bane of the Cosmic Forge"
"Linux","Wizardry 7: Crusaders of the Dark Savant"
"Linux","Democracy 3"
"Linux","Tropico 5"
"Linux","Hack 'n' Slash"
"Linux","Spacebase DF-9"
"Linux","MASSIVE CHALICE"
"Linux","Kingdom Rush"
"Linux","Plague Inc: Evolved"
"Linux","Secrets of Rætikon"
"Linux","BeatBlasters III"
"Linux","Bombernauts"
"Linux","Cook, Serve, Delicious!"
"Linux","Crypt of the NecroDancer"
"Linux","Volgarr the Viking"
"Linux","Saints Row IV - Reverse Cosplay Pack"
"Linux","Knytt Underground"
"Linux","Freedom Planet"
"Linux","Legends of Aethereus"
"Linux","Salvation Prophecy"
"Linux","Doorways: Prelude"
"Linux","Dominions 3"
"Linux","Megabyte Punch"
"Linux","Toribash"
"Linux","Door Kickers"
"Linux","Iesabel"
"Linux","Dysfunctional Systems: Learning to Manage Chaos"
"Linux","Risk of Rain"
"Linux","NEO Scavenger"
"Linux","The Castle Doctrine"
"Linux","Teslagrad"
"Linux","Forge Quest"
"Linux","FORCED"
"Linux","Life Goes On"
"Linux","Assault Android Cactus"
"Linux","Jazzpunk"
"Linux","Knock-knock"
"Linux","8BitMMO"
"Linux","Bridge Constructor"
"Linux","Fight The Dragon"
"Linux","Paranautical Activity: Deluxe Atonement Edition"
"Linux","The Plan"
"Linux","Among the Sleep"
"Linux","Super Time Force Ultra"
"Linux","Shovel Knight"
"Linux","The Binding of Isaac: Rebirth"
"Linux","Wargame: Red Dragon"
"Linux","Chroma Squad"
"Linux","Hive"
"Linux","Escape Goat"
"Linux","Dark Matter"
"Linux","TowerFall Ascension"
"Linux","Gravity Ghost"
"Linux","Anomaly Korea"
"Linux","7 Days to Die"
"Linux","Soul Saga"
"Linux","The Impossible Game"
"Linux","Chainsaw Warrior"
"Linux","Leadwerks Game Engine"
"Linux","World of Diving"
"Linux","Solar Flux"
"Linux","Long Live The Queen"
"Linux","Lovers in a Dangerous Spacetime"
"Linux","Anomaly Warzone Earth Mobile Campaign"
"Linux","Maia"
"Linux","Elegy For A Dead World"
"Linux","Syder Arcade"
"Linux","The Shivah"
"Linux","SteamWorld Dig"
"Linux","StarDrive 2"
"Linux","Rust"
"Linux","Death Road to Canada"
"Linux","Eldritch"
"Linux","Nihilumbra"
"Linux","MouseCraft"
"Linux","PULSAR: Lost Colony"
"Linux","Rocket League"
"Linux","McDROID"
"Linux","Race The Sun"
"Linux","The Cat Lady"
"Linux","Halfway"
"Linux","FOTONICA"
"Linux","Fester Mudd: Curse of the Gold - Episode 1"
"Linux","Neverending Nightmares"
"Linux","Axis Game Factory's AGFPRO 3.0"
"Linux","Hot Tin Roof: The Cat That Wore A Fedora"
"Linux","Ravensword: Shadowlands"
"Linux","Gentlemen!"
"Linux","Steam Marines"
"Linux","Sparkle 2 Evo"
"Linux","rymdkapsel"
"Linux","Knights and Merchants"
"Linux","Gorky 17"
"Linux","FortressCraft Evolved"
"Linux","Duskers"
"Linux","Shadow Warrior: Serious Sam 3 Sledgehammer DLC"
"Linux","GRID Autosport"
"Linux","Journey of a Roach"
"Linux","Escape Goat 2"
"Linux","Entropy"
"Linux","Cities: Skylines"
"Linux","PixelJunk™ Shooter"
"Linux","The 7th Guest"
"Linux","Jagged Alliance Flashback"
"Linux","Not The Robots"
"Linux","Inherit the Earth: Quest for the Orb"
"Linux","Baldur's Gate II: Enhanced Edition"
"Linux","The Talos Principle"
"Linux","Elder Sign: Omens"
"Linux","J.U.L.I.A.: Among the Stars"
"Linux","Max Gentlemen"
"Linux","Signal Ops"
"Linux","Violett"
"Linux","Hyper Light Drifter"
"Linux","Eschalon: Book 3"
"Linux","Loren The Amazon Princess"
"Linux","Survivor Squad"
"Linux","Type:Rider"
"Linux","Montague's Mount"
"Linux","Dead Pixels II"
"Linux","Dominions 4"
"Linux","Wasteland 1 - The Original Classic"
"Linux","Ballpoint Universe: Infinite"
"Linux","Zigfrak"
"Linux","Drifter"
"Linux","Particulars"
"Linux","Shufflepuck Cantina Deluxe"
"Linux","Savant - Ascent"
"Linux","Hero of the Kingdom"
"Linux","Finding Teddy"
"Linux","3079 -- Block Action RPG"
"Linux","Tales of Maj'Eyal"
"Linux","Dead Sky"
"Linux","Fading Hearts"
"Linux","Nightmares from the Deep: The Cursed Heart"
"Linux","Nimble Quest"
"Linux","Wooden Sen'SeY"
"Linux","The Last Tinker: City of Colors"
"Linux","Company of Heroes 2 - The Western Front Armies _MARKETING PAGE"
"Linux","Flockers"
"Linux","So Many Me"
"Linux","1001 Spikes"
"Linux","Lethal League"
"Linux","Steam Bandits: Outpost"
"Linux","Borderlands: The Pre-Sequel"
"Linux","Journal"
"Linux","Eryi's Action"
"Linux","Cube & Star: An Arbitrary Love"
"Linux","Darkest Dungeon"
"Linux","Trench Run"
"Linux","Vanguard Princess"
"Linux","Jets'n'Guns Gold"
"Linux","Dungeons 2"
"Linux","World of Guns: Gun Disassembly"
"Linux","Chucks Challenge 3D"
"Linux","RaySupreme 3D"
"Linux","Little Racers STREET"
"Linux","GoD Factory: Wingmen"
"Linux","Crimsonland"
"Linux","The Journey Down: Chapter Two"
"Linux","Broken Sword 5 - the Serpent's Curse"
"Linux","STARWHAL"
"Linux","Blockstorm"
"Linux","Pixel Boy and the Ever Expanding Dungeon"
"Linux","Saturday Morning RPG"
"Linux","Continue?9876543210"
"Linux","3089 -- Futuristic Action RPG"
"Linux","Probably Archery"
"Linux","Girls Like Robots"
"Linux","Dragons and Titans"
"Linux","FootLOL: Epic Fail League"
"Linux","SPACECOM"
"Linux","Zombie Grinder"
"Linux","Wyv and Keep: The Temple of the Lost Idol"
"Linux","Son of Nor"
"Linux","Geekbench 3"
"Linux","Full Bore"
"Linux","Vangers"
"Linux","Pixel Piracy"
"Linux","WazHack"
"Linux","99 Levels To Hell"
"Linux","Major Mayhem"
"Linux","Narcissu 1st & 2nd"
"Linux","Children of Liberty"
"Linux","Moebius: Empire Rising"
"Linux","Quest for Infamy"
"Linux","FORCED SHOWDOWN"
"Linux","Grimind"
"Linux","Fistful of Frags"
"Linux","Imagine Me"
"Linux","Cannons Lasers Rockets"
"Linux","Monochroma"
"Linux","Hexcells"
"Linux","Goat Simulator"
"Linux","Worlds of Magic"
"Linux","Rogue's Tale"
"Linux","LYNE"
"Linux","Tower of Guns"
"Linux","Breach & Clear"
"Linux","Last Dream"
"Linux","Farm for your Life"
"Linux","Hand of Fate"
"Linux","The Labyrinth of Time"
"Linux","Gravity Badgers"
"Linux","Realms of Arkania 1 - Blade of Destiny Classic"
"Linux","Ground Pounders"
"Linux","Shadowrun Chronicles - Boston Lockdown"
"Linux","Antisquad"
"Linux","Meltdown"
"Linux","High Strangeness"
"Linux","Krautscape"
"Linux","XCOM 2"
"Linux","From The Depths"
"Linux","Magicite"
"Linux","Paranormal State: Poison Spring Collector's Edition"
"Linux","Satellite Reign"
"Linux","Science Girls"
"Linux","Luxuria Superbia"
"Linux","Hero Siege"
"Linux","WORLD END ECONOMiCA episode.01"
"Linux","Reaper - Tale of a Pale Swordsman"
"Linux","Voice Of Pripyat"
"Linux","A Mass of Dead"
"Linux","Dex"
"Linux","BADLAND: Game of the Year Edition"
"Linux","RymdResa"
"Linux","DreadOut"
"Linux","Spate"
"Linux","AR-K"
"Linux","Snow Horse"
"Linux","Quest of Dungeons"
"Linux","The Girl and the Robot"
"Linux","RUNNING WITH RIFLES"
"Linux","Depression Quest"
"Linux","Melody's Escape"
"Linux","Frozen State"
"Linux","Ku: Shroud of the Morrigan"
"Linux","Robot Roller-Derby Disco Dodgeball"
"Linux","The Forest of Doom"
"Linux","Reversion - The Escape"
"Linux","Realms of Arkania 2 - Star Trail Classic"
"Linux","Realms of Arkania 3 - Shadows over Riva Classic"
"Linux","American Truck Simulator"
"Linux","Space Farmers"
"Linux","Light"
"Linux","Card City Nights"
"Linux","Hexcells Plus"
"Linux","Serena"
"Linux","Sub Rosa"
"Linux","Shadow Blade: Reload"
"Linux","Detective Grimoire"
"Linux","Vertiginous Golf"
"Linux","The Last Federation"
"Linux","Arctic Trucker Simulator"
"Linux","Mechs & Mercs: Black Talons"
"Linux","Hotline Miami 2: Wrong Number"
"Linux","Broforce"
"Linux","RONIN"
"Linux","OlliOlli"
"Linux","NOT A HERO"
"Linux","Gods Will Be Watching"
"Linux","Dropsy"
"Linux","Drox Operative"
"Linux","Brigador"
"Linux","Darkwood"
"Linux","Murder Miners"
"Linux","Tech Executive Tycoon"
"Linux","Influent"
"Linux","Shelter 2"
"Linux","Costume Quest 2"
"Linux","Space Run"
"Linux","Battle Group 2"
"Linux","Shiny The Firefly"
"Linux","About Love, Hate and the other ones"
"Linux","On Rusty Trails"
"Linux","Sportsfriends"
"Linux","RIVE"
"Linux","Spider: Rite of the Shrouded Moon"
"Linux","Skyborn"
"Linux","TinyKeep"
"Linux","Terrian Saga: KR-17"
"Linux","Interplanetary"
"Linux","Gigantic Army"
"Linux","Making History: The Great War"
"Linux","Ultionus: A Tale of Petty Revenge"
"Linux","Devil's Dare"
"Linux","Grim Legends 2: Song of the Dark Swan"
"Linux","Soul Axiom"
"Linux","Infinity Runner"
"Linux","The Book of Unwritten Tales 2"
"Linux","Bridge Constructor Playground"
"Linux","A Wizard's Lizard"
"Linux","Aragami"
"Linux","Creeper World 3: Arc Eternal"
"Linux","Interstellaria"
"Linux","Pulstar"
"Linux","Crea"
"Linux","GhostControl Inc."
"Linux","Foosball - Street Edition"
"Linux","T.E.C. 3001"
"Linux","Reversion - The Meeting"
"Linux","A Boy and His Blob"
"Linux","Munin"
"Linux","Splatter - Blood Red Edition"
"Linux","Stellaris"
"Linux","This War of Mine"
"Linux","SOMA"
"Linux","Star Ruler 2"
"Linux","LOST ORBIT"
"Linux","Warring States"
"Linux","Circuits"
"Linux","Stick 'Em Up 2"
"Linux","FaeVerse Alchemy"
"Linux","Paper Dungeons"
"Linux","Super Chibi Knight"
"Linux","The Samaritan Paradox"
"Linux","Spoiler Alert"
"Linux","Jagged Alliance Gold"
"Linux","Salt and Sanctuary"
"Linux","Rabbit Hole 3D: Steam Edition"
"Linux","Putt-Putt Joins the Parade"
"Linux","Freddi Fish and The Case of the Missing Kelp Seeds"
"Linux","Pajama Sam in No Need to Hide When It's Dark Outside"
"Linux","SPY Fox in: Dry Cereal"
"Linux","Putt-Putt and Pep's Balloon-o-Rama"
"Linux","Freddi Fish and Luther's Maze Madness"
"Linux","Majestic Nights"
"Linux","Cornerstone: The Song Of Tyrim"
"Linux","DeadCore"
"Linux","Abyss: The Wraiths of Eden"
"Linux","Dark Arcana: The Carnival"
"Linux","Enigmatis: The Ghosts of Maple Creek"
"Linux","Enigmatis 2: The Mists of Ravenwood"
"Linux","Nightmares from the Deep 2: The Siren`s Call"
"Linux","Nightmares from the Deep 3: Davy Jones"
"Linux","Clockwork Tales: Of Glass and Ink"
"Linux","Grim Legends: The Forsaken Bride"
"Linux","9 Clues: The Secret of Serpent Creek"
"Linux","Left in the Dark: No One on Board"
"Linux","GearCity"
"Linux","Braveland"
"Linux","Action Henk"
"Linux","Gang Beasts"
"Linux","TerraTech"
"Linux","Q*bert: Rebooted"
"Linux","Tooth and Tail"
"Linux","You Have to Win the Game"
"Linux","Tabletop Simulator"
"Linux","ReignMaker"
"Linux","Pier Solar and the Great Architects"
"Linux","Dog Sled Saga"
"Linux","fault - milestone one"
"Linux","FarSky"
"Linux","Strata"
"Linux","F1 2015"
"Linux","Metro 2033 Redux"
"Linux","Harvester"
"Linux","COH2 - The Western Front Armies: US Forces"
"Linux","COH2 - The Western Front Armies: Oberkommando West"
"Linux","Metro: Last Light Redux"
"Linux","Pandora: First Contact"
"Linux","Sunset"
"Linux","Derrick the Deathfin"
"Linux","Pro Pinball Ultra"
"Linux","Yomi"
"Linux","Mini Metro"
"Linux","Rex Rocket"
"Linux","Whispering Willows"
"Linux","MechRunner"
"Linux","Jack Nicklaus Perfect Golf"
"Linux","Backstage Pass"
"Linux","Conflicks - Revolutionary Space Battles"
"Linux","Pineview Drive"
"Linux","ROCKETSROCKETSROCKETS"
"Linux","DubWars"
"Linux","Glitchspace"
"Linux","Sokobond"
"Linux","Volt"
"Linux","Armello"
"Linux","Micron"
"Linux","The Fall"
"Linux","Steam Squad"
"Linux","You Must Build A Boat"
"Linux","Flower Shop: Summer In Fairbrook"
"Linux","Always Remember Me"
"Linux","Planet Stronghold"
"Linux","Evolution RTS"
"Linux","Heroes of Steel RPG"
"Linux","Undead Overlord"
"Linux","Three Dead Zed"
"Linux","Lost Marbles"
"Linux","Pillars of Eternity"
"Linux","Rube Works"
"Linux","X-Plane 10 Global - 64 Bit"
"Linux","SPY Fox 2: Some Assembly Required"
"Linux","SPY Fox 3: Operation Ozone"
"Linux","SPY Fox in: Cheese Chase"
"Linux","SPY Fox in: Hold the Mustard"
"Linux","Duet"
"Linux","Pajama Sam 2: Thunder and Lightning Aren't So Frightening"
"Linux","Pajama Sam 3: You Are What You Eat From Your Head To Your Feet"
"Linux","Pajama Sam's Sock Works"
"Linux","Pajama Sam's Lost & Found"
"Linux","Deponia: The Complete Journey"
"Linux","Sentinel"
"Linux","Cosmochoria"
"Linux","Heldric - The legend of the shoemaker"
"Linux","Elliot Quest"
"Linux","TRI: Of Friendship and Madness"
"Linux","Crawl"
"Linux","Classroom Aquatic"
"Linux","Cult of the Wind"
"Linux","White Noise Online"
"Linux","Pivvot"
"Linux","Spirited Heart Deluxe"
"Linux","Kill The Bad Guy"
"Linux","Knight Squad"
"Linux","Merchants of Kaidan"
"Linux","Aaru's Awakening"
"Linux","RimWorld"
"Linux","Warhammer 40,000: Carnage Champions"
"Linux","Galcon 2"
"Linux","Millie"
"Linux","Crowntakers"
"Linux","Shadowgate"
"Linux","Freddi Fish 2: The Case of the Haunted Schoolhouse"
"Linux","Freddi Fish 3: The Case of the Stolen Conch Shell"
"Linux","Freddi Fish 4: The Case of the Hogfish Rustlers of Briny Gulch"
"Linux","Freddi Fish 5: The Case of the Creature of Coral Cove"
"Linux","Freddi Fish and Luther's Water Worries"
"Linux","Putt-Putt Goes to the Moon"
"Linux","Putt-Putt Saves the Zoo"
"Linux","Putt-Putt Travels Through Time"
"Linux","Putt-Putt Enters the Race"
"Linux","Putt-Putt Joins the Circus"
"Linux","Putt-Putt and Pep's Dog on a Stick"
"Linux","Putt-Putt and Fatty Bear's Activity Pack"
"Linux","Anomaly Defenders"
"Linux","Stranded"
"Linux","Schrödinger's Cat and the Raiders of the Lost Quark"
"Linux","Inescapable"
"Linux","Defense Zone 2"
"Linux","Never Alone (Kisima Ingitchuna)"
"Linux","NeonXSZ"
"Linux","Qasir al-Wasat: International Edition"
"Linux","MIND Path to Thalamus E.Edition"
"Linux","Ballistic Overkill"
"Linux","Magnetic By Nature"
"Linux","Lords of Xulima"
"Linux","Monstrum"
"Linux","Lucius II"
"Linux","Al Emmo and the Lost Dutchman's Mine"
"Linux","Dreaming Sarah"
"Linux","Ascendant"
"Linux","Renowned Explorers: International Society"
"Linux","Freaking Meatbags"
"Linux","Heavy Bullets"
"Linux","Exodus Wars: Fractured Empire"
"Linux","Detective Case and Clown Bot in: Murder in the Hotel Lisbon"
"Linux","Trace Vector"
"Linux","Spy Chameleon - RGB Agent"
"Linux","Monsters Ate My Birthday Cake"
"Linux","Super Rad Raygun"
"Linux","Overruled!"
"Linux","Master of Orion"
"Linux","Only If"
"Linux","XenoRaptor"
"Linux","Flashout 2"
"Linux","Knightmare Tower"
"Linux","Dreii"
"Linux","Victory At Sea"
"Linux","Orbital Gear"
"Linux","Captain Forever Remix"
"Linux","Lovely Planet"
"Linux","The Escapists"
"Linux","Rock Boshers DX: Director's Cut"
"Linux","Cosplay Maker"
"Linux","Habitat"
"Linux","Woodle Tree Adventures"
"Linux","Rogue Stormers"
"Linux","Heroes Rise: The Prodigy"
"Linux","6180 the moon"
"Linux","Noir Syndrome"
"Linux","Forgotten Myths CCG"
"Linux","Planetoid Pioneers"
"Linux","Adventurezator: When Pigs Fly"
"Linux","Ichi"
"Linux","Evil Pumpkin: The Lost Halloween"
"Linux","Road Redemption"
"Linux","Unpossible"
"Linux","Shadowrun: Dragonfall - Director's Cut"
"Linux","Infinifactory"
"Linux","GALAK-Z"
"Linux","Gear Up: Basic"
"Linux","Frederic: Resurrection of Music"
"Linux","Frederic: Evil Strikes Back"
"Linux","Chicken Invaders 4"
"Linux","Kill Fun Yeah"
"Linux","Date Warp"
"Linux","Electronic Super Joy: Groove City"
"Linux","BOMB"
"Linux","Robocraft"
"Linux","White Night"
"Linux","Psichodelya"
"Linux","Saints Row: Gat out of Hell"
"Linux","Screencheat"
"Linux","Infinite Game Works Episode 0"
"Linux","Dungeon of Elements"
"Linux","Tex Murphy: Mean Streets"
"Linux","Tex Murphy: Martian Memorandum"
"Linux","Tex Murphy: Under a Killing Moon"
"Linux","Tex Murphy: The Pandora Directive"
"Linux","Floating Point"
"Linux","Boson X"
"Linux","BlazeRush"
"Linux","Namariel Legends: Iron Lord Premium Edition"
"Linux","Heileen 1: Sail Away"
"Linux","The Beginner's Guide"
"Linux","Roundabout"
"Linux","Sentris"
"Linux","Hidden in Plain Sight"
"Linux","Blinding Dark"
"Linux","TriBlaster"
"Linux","Heroes Rise: The Hero Project"
"Linux","Hexcells Infinite"
"Linux","Aeon Command"
"Linux","Train Fever"
"Linux","Worlds"
"Linux","Sky Gamblers: Storm Raiders"
"Linux","Unturned"
"Linux","Outland"
"Linux","FranknJohn"
"Linux","Heileen 2: The Hands Of Fate"
"Linux","Heileen 3: New Horizons"
"Linux","Trapped Dead: Lockdown"
"Linux","The Long Dark"
"Linux","Infect and Destroy"
"Linux","Redirection"
"Linux","Cute Things Dying Violently"
"Linux","Shallow Space"
"Linux","AutoTileGen"
"Linux","Dragon: The Game"
"Linux","Ultimate General: Gettysburg"
"Linux","BattleSpace"
"Linux","Heroes & Legends: Conquerors of Kolhar"
"Linux","Shan Gui"
"Linux","Nicole (otome version)"
"Linux","Will Fight for Food: Super Actual Sellout: Game of the Hour"
"Linux","Othello"
"Linux","A Golden Wake"
"Linux","Penarium"
"Linux","Chainsaw Warrior: Lords of the Night"
"Linux","Hard West"
"Linux","Savage Lands"
"Linux","Back to Bed"
"Linux","Black The Fall"
"Linux","Ziggurat"
"Linux","War in a Box: Paper Tanks"
"Linux","Minimon"
"Linux","City Quest"
"Linux","Orborun"
"Linux","Super Sky Arena"
"Linux","Knights of Pen and Paper 2"
"Linux","The Nightmare Cooperative"
"Linux","Hatoful Boyfriend"
"Linux","Higurashi When They Cry - Ch.1 Onikakushi"
"Linux","The Way of Life Free Edition"
"Linux","Grand Ages: Medieval"
"Linux","Crookz - The Big Heist"
"Linux","Super Win the Game"
"Linux","NEON STRUCT"
"Linux","Geometry Wars 3: Dimensions Evolved"
"Linux","Retrobooster"
"Linux","Breach & Clear: Deadline"
"Linux","Legions of Ashworld"
"Linux","The Way"
"Linux","Doorways: The Underworld"
"Linux","Flower Shop: Winter In Fairbrook"
"Linux","Enter the Gungeon"
"Linux","Sproggiwood"
"Linux","Black Ice"
"Linux","Tinertia"
"Linux","Chasm"
"Linux","Spirits of Xanadu"
"Linux","Simply Chess"
"Linux","Heroes Rise: HeroFall"
"Linux","Defense Zone"
"Linux","Mega Coin Squad"
"Linux","OTTTD"
"Linux","Khet 2.0"
"Linux","Fahrenheit: Indigo Prophecy Remastered"
"Linux","Pixel Hunter"
"Linux","The Masterplan"
"Linux","Mountain"
"Linux","The Maker's Eden"
"Linux","Time Mysteries 2: The Ancient Spectres"
"Linux","Sunrider: Mask of Arcadius"
"Linux","Sakura Spirit"
"Linux","Spheritis"
"Linux","Bionic Heart"
"Linux","Tesla Breaks the World!"
"Linux","Bombing Bastards"
"Linux","The Forgotten Ones"
"Linux","DROD: Gunthro and the Epic Blunder"
"Linux","boxlife"
"Linux","Heroes of a Broken Land"
"Linux","Pixeluvo"
"Linux","Fall of the New Age Premium Edition"
"Linux","Oddworld: New 'n' Tasty"
"Linux","Mighty No. 9"
"Linux","Silence"
"Linux","Spectre"
"Linux","Age of Conquest IV"
"Linux","Woah Dave!"
"Linux","CO-OP : Decrypted"
"Linux","Skilltree Saga"
"Linux","The Escapist"
"Linux","Spellcrafter"
"Linux","Daedalus - No Escape"
"Linux","Catacomb Kids"
"Linux","Celestian Tales: Old North"
"Linux","Bravada"
"Linux","Parcel"
"Linux","Appointment With FEAR"
"Linux","Battle of Empires : 1914-1918"
"Linux","A Good Snowman Is Hard To Build"
"Linux","Toast Time"
"Linux","Grim Fandango Remastered"
"Linux","Kings of Kung Fu"
"Linux","Pajama Sam: Games to Play on Any Day"
"Linux","Fatty Bear's Birthday Surprise"
"Linux","Strife: Veteran Edition"
"Linux","Attractio"
"Linux","Airscape: The Fall of Gravity"
"Linux","Bionic Heart 2"
"Linux","Roommates"
"Linux","Nelly Cootalot: The Fowl Fleet"
"Linux","Double Action: Boogaloo"
"Linux","Beyond Gravity"
"Linux","Prophour23"
"Linux","Space Hulk Ascension"
"Linux","Velocibox"
"Linux","Company of Heroes 2 - Ardennes Assault"
"Linux","Convoy"
"Linux","Supreme: Pizza Empire"
"Linux","Choice of the Deathless"
"Linux","Mecha Ace"
"Linux","StarCrawlers"
"Linux","Chaos Reborn"
"Linux","Gold Rush! Anniversary"
"Linux","Great Permutator"
"Linux","Time Mysteries 3: The Final Enigma"
"Linux","Ninja Pizza Girl"
"Linux","The Collider"
"Linux","Life Is Strange™"
"Linux","Bridge Constructor Medieval"
"Linux","Jenny LeClue - Detectivu"
"Linux","Trine 3: The Artifacts of Power"
"Linux","The Detail"
"Linux","Moon Hunters"
"Linux","Absolute Drift"
"Linux","Deadlings - Rotten Edition"
"Linux","Oscura: Lost Light"
"Linux","Coffin Dodgers"
"Linux","Gender Bender DNA Twister Extreme"
"Linux","Fist of Jesus"
"Linux","Zen Fish SIM"
"Linux","Sign Motion"
"Linux","Sigils of Elohim"
"Linux","Mining Industry"
"Linux","Icewind Dale: Enhanced Edition"
"Linux","Rising Angels: Reborn"
"Linux","Yury"
"Linux","SteamWorld Heist"
"Linux","Don't Starve Together"
"Linux","SUPERHOT"
"Linux","Standpoint"
"Linux","BLACKHOLE"
"Linux","Vagante"
"Linux","Grow Home"
"Linux","The Magic Circle"
"Linux","Jotun"
"Linux","eden - 3D Screensaver"
"Linux","Caffeine"
"Linux","Poltergeist: A Pixelated Horror"
"Linux","Decay - The Mare"
"Linux","Move or Die"
"Linux","iO"
"Linux","Rising World"
"Linux","Verde Station"
"Linux","Pyrite Heart"
"Linux","VoidExpanse"
"Linux","The Body Changer"
"Linux","SinaRun"
"Linux","The Shopkeeper"
"Linux","To Be or Not To Be"
"Linux","Caverns of the Snow Witch"
"Linux","Parallax"
"Linux","Run or Die"
"Linux","Bik - A Space Adventure"
"Linux","App Game Kit"
"Linux","Fire"
"Linux","Sword Coast Legends"
"Linux","Total War: ATTILA"
"Linux","The Hive"
"Linux","Fallen: A2P Protocol"
"Linux","Fat Chicken"
"Linux","Crystal Catacombs"
"Linux","Starlight Drifter"
"Linux","Shroud of the Avatar: Forsaken Virtues"
"Linux","Alchemy Mysteries: Prague Legends"
"Linux","Windward"
"Linux","ShellShock Live"
"Linux","Chime Sharp"
"Linux","Warhammer Quest"
"Linux","Heart&Slash"
"Linux","Sword of Asumi"
"Linux","Killing Floor - Toy Master"
"Linux","Infinite Game Works Episode 1"
"Linux","Worms W.M.D"
"Linux","Feist"
"Linux","Out of Reach"
"Linux","Deadstone"
"Linux","Anna's Quest"
"Linux","Life of Pixel"
"Linux","Pirates! Gold Plus (Classic)"
"Linux","Sid Meier's Covert Action (Classic)"
"Linux","Sid Meier's Colonization (Classic)"
"Linux","A Bird Story"
"Linux","Zenzizenzic"
"Linux","Near Death"
"Linux","CaesarIA"
"Linux","Ironcast"
"Linux","Sublevel Zero"
"Linux","BloodNet"
"Linux","Darklands"
"Linux","DragonSphere"
"Linux","Sword of the Samurai"
"Linux","Dragon Fantasy: The Volumes of Westeria"
"Linux","Dragon Fantasy: The Black Tome of Ice"
"Linux","Retro-Pixel Castles"
"Linux","Gunspell: Steam Edition"
"Linux","Wild Season - Episode 1"
"Linux","Leviathan: The Last Day of the Decade"
"Linux","Rex Nebular and the Cosmic Gender Bender"
"Linux","Monsters and Monocles"
"Linux","Thieves' Gambit: Curse of the Black Cat"
"Linux","F-117A Nighthawk Stealth Fighter 2.0"
"Linux","Fleet Defender: The F-14 Tomcat Simulation"
"Linux","The Deer God"
"Linux","Dungeon Kingdom: Sign of the Moon"
"Linux","Reassembly"
"Linux","Volo Airsport"
"Linux","Avalon Lords: Dawn Rises"
"Linux","QbQbQb"
"Linux","JumpJet Rex"
"Linux","Snow Light"
"Linux","Across the Rhine"
"Linux","Command HQ"
"Linux","Eradicator"
"Linux","NAM"
"Linux","Silent Service 2"
"Linux","Task Force 1942: Surface Naval Action in the South Pacific"
"Linux","4089: Ghost Within"
"Linux","Krosmaster Arena"
"Linux","Catlateral Damage"
"Linux","KeeperRL"
"Linux","Children of Morta"
"Linux","BossConstructor"
"Linux","Wild Frontera"
"Linux","Substance Designer 5"
"Linux","Pix the Cat"
"Linux","Warlocks vs Shadows"
"Linux","Robotex"
"Linux","The Interactive Adventures of Dog Mendonça and Pizzaboy"
"Linux","Celestial Command"
"Linux","Noct"
"Linux","DiscStorm"
"Linux","Read Only Memories"
"Linux","Demon Hunter: Chronicles from Beyond"
"Linux","Grass Simulator"
"Linux","Bolt Riley, A Reggae Adventure - Chapter 1"
"Linux","Thief Town"
"Linux","Tulpa"
"Linux","Winged Sakura: Mindy's Arc"
"Linux","Rooms: The Unsolvable Puzzle"
"Linux","Everlasting Summer"
"Linux","Pinstripe"
"Linux","Survivor Squad: Gauntlets"
"Linux","Supreme League of Patriots Issue 1: A Patriot Is Born"
"Linux","Airline Tycoon Deluxe"
"Linux","Axiom Verge"
"Linux","Spriter Pro"
"Linux","Shutshimi"
"Linux","Amazing Frog?"
"Linux","Mystik Belle"
"Linux","PONCHO"
"Linux","The Exiled"
"Linux","Friendship Club"
"Linux","Prelogate"
"Linux","Storm United"
"Linux","Forward to the Sky"
"Linux","Mos Speedrun 2"
"Linux","ADOM (Ancient Domains Of Mystery)"
"Linux","Song of the Myrne: What Lies Beneath"
"Linux","Star Rangers"
"Linux","Tales of Aravorn: Seasons Of The Wolf"
"Linux","Isbarah"
"Linux","Neocolonialism"
"Linux","Slow Down, Bull"
"Linux","Caves of Qud"
"Linux","Epanalepsis"
"Linux","Dark Gates"
"Linux","Braveland Wizard"
"Linux","A Druid's Duel"
"Linux","Armikrog"
"Linux","Icebound"
"Linux","Star Traders: 4X Empires"
"Linux","Lost Sea"
"Linux","Gates of Horizon"
"Linux","Fake Colours"
"Linux","Don't Move"
"Linux","Out There: Ω Edition"
"Linux","Square Heroes"
"Linux","Soccertron"
"Linux","Drive to Hell"
"Linux","Goscurry"
"Linux","Serpent in the Staglands"
"Linux","Rift's Cave"
"Linux","Curse of the Assassin"
"Linux","An Assassin in Orlandes"
"Linux","CAFE 0 ~The Drowned Mermaid~"
"Linux","LISA"
"Linux","dUpLicity ~Beyond the Lies~"
"Linux","After Reset RPG"
"Linux","Atavism 2 On Premises"
"Linux","Race.a.bit"
"Linux","Sky Mercenaries"
"Linux","Monsters!"
"Linux","Hearthlands"
"Linux","Catmouth Island"
"Linux","Super Cane Magic ZERO"
"Linux","Might & Magic Heroes Online"
"Linux","Elastrix"
"Linux","Supreme League of Patriots Issue 2: Patriot Frames"
"Linux","Supreme League of Patriots Issue 3: Ice Cold in Ellis"
"Linux","KWAAN"
"Linux","Deadnaut"
"Linux","Bard to the Future"
"Linux","Sentinels of the Multiverse"
"Linux","Ostrich Island"
"Linux","Planetship"
"Linux","Paint the Town Red"
"Linux","Finding Paradise"
"Linux","Bermuda"
"Linux","SCS deORBIT"
"Linux","The Mims Beginning"
"Linux","ClusterPuck 99"
"Linux","Anoxemia"
"Linux","Marble Duel"
"Linux","Warden: Melody of the Undergrowth"
"Linux","Pixel Heroes: Byte & Magic"
"Linux","Alum"
"Linux","Demise of Nations"
"Linux","Pig Eat Ball"
"Linux","Tales of the Orient: The Rising Sun"
"Linux","Dead Synchronicity: Tomorrow Comes Today"
"Linux","Strife"
"Linux","Choice of Robots"
"Linux","Psy High"
"Linux","Man Alive Game"
"Linux","Enemy"
"Linux","Cyber Chicken"
"Linux","HuniePop"
"Linux","Dungeon of Gain"
"Linux","Battle Ranch"
"Linux","Basement"
"Linux","Shadows of War"
"Linux","Cubot"
"Linux","Teddy Floppy Ear - Mountain Adventure"
"Linux","Teddy Floppy Ear - Kayaking"
"Linux","Deity Quest"
"Linux","Quintet"
"Linux","Tomb of Tyrants"
"Linux","Abomination Tower"
"Linux","Crashed Lander"
"Linux","Spartans Vs Zombies Defense"
"Linux","Tallowmere"
"Linux","Crunch Time!"
"Linux","The Depths of Tolagal"
"Linux","Ninja Guy"
"Linux","Bunny Bash"
"Linux","Aqua Panic!"
"Linux","Sunrider Academy"
"Linux","Gunslugs 2"
"Linux","Unhack"
"Linux","Razenroth"
"Linux","Solar War"
"Linux","Siege of Turtle Enclave"
"Linux","Age of Fear 2: The Chaos Lord"
"Linux","Hotline Miami 2: Wrong Number Digital Comic"
"Linux","Paparazzi"
"Linux","Vulture for NetHack"
"Linux","Stardust Vanguards"
"Linux","The Great Fusion"
"Linux","Crest"
"Linux","Among Ripples"
"Linux","A.V."
"Linux","Plush"
"Linux","Hitbox"
"Linux","Space Station Alpha"
"Linux","Lux Delux"
"Linux","RIOT- Civil Unrest"
"Linux","Sakura Angels"
"Linux","Sword Daughter"
"Linux","Gunscape"
"Linux","Shipwreck"
"Linux","Heroes Never Lose: Professor Puzzler's Perplexing Ploy"
"Linux","Terminal Hacker - Into the Deep"
"Linux","Airships: Conquer the Skies"
"Linux","12 Labours of Hercules"
"Linux","HyperRogue"
"Linux","Refactor"
"Linux","Destination Sol"
"Linux","Motorbike"
"Linux","Top Trumps Turbo"
"Linux","Disillusions Manga Horror"
"Linux","Zotrix"
"Linux","StaudSoft's Synthetic World"
"Linux","SLAMMED!"
"Linux","inSynch"
"Linux","Crash Drive 2"
"Linux","Silicone-2"
"Linux","InMind VR"
"Linux","Rotieer"
"Linux","Never Ending Night"
"Linux","Three Fourths Home: Extended Edition"
"Linux","CRYPTARK"
"Linux","fault - milestone two side:above"
"Linux","Gratuitous Space Battles 2"
"Linux","Big Pharma"
"Linux","In Exilium"
"Linux","Sun Blast"
"Linux","Crystal Rift"
"Linux","Victor Vran"
"Linux","The Grave Digger"
"Linux","Vapour"
"Linux","Lumo"
"Linux","Block Legend DX"
"Linux","Without Within"
"Linux","Crash Dummy"
"Linux","Echo Tokyo: Intro"
"Linux","Idol Hands"
"Linux","Besiege"
"Linux","Joe's Diner"
"Linux","Astro Emporia"
"Linux","I Can't Escape: Darkness"
"Linux","ARK: Survival Evolved"
"Linux","Rktcr"
"Linux","Martial Law"
"Linux","Drew and the Floating Labyrinth"
"Linux","BrainBread 2"
"Linux","The Spatials"
"Linux","Spectrum: First Light"
"Linux","Vector 36"
"Linux","Hyphen"
"Linux","Hero of the Kingdom II"
"Linux","AdVenture Capitalist"
"Linux","Shadowrun: Hong Kong - Extended Edition"
"Linux","OBEY"
"Linux","InnerSpace"
"Linux","Steredenn"
"Linux","1942: The Pacific Air War"
"Linux","Challenge of the Five Realms"
"Linux","F-19 Stealth Fighter"
"Linux","Hyperspeed"
"Linux","Knights of the Sky"
"Linux","A Quiver of Crows"
"Linux","HeartZ: Co-Hope Puzzles"
"Linux","The Making of Grim Fandango Remastered: E3 and Beyond"
"Linux","The Making of Grim Fandango Remastered: The Remastered Treatment"
"Linux","Frankenstein: Master of Death"
"Linux","Mayan Death Robots"
"Linux","Super Pixalo"
"Linux","Perils of Man"
"Linux","Ghost Song"
"Linux","Street Arena"
"Linux","Bloodbath Kavkaz"
"Linux","Starship Traveller"
"Linux","Social Justice Warriors"
"Linux","Doodle God"
"Linux","Divine Slice of Life"
"Linux","UFHO2"
"Linux","Hyperspace Pinball"
"Linux","Lord of the Dark Castle"
"Linux","Supercharged Robot VULKAISER"
"Linux","ARMED SEVEN"
"Linux","Active Gaming advertising app"
"Linux","Exostorm"
"Linux","Time Mysteries: Inheritance - Remastered"
"Linux","EITR"
"Linux","No Pineapple Left Behind"
"Linux","Scraps: Modular Vehicle Combat"
"Linux","Mighty Switch Force! Academy"
"Linux","From Bedrooms to Billions: Making of Speedball 2"
"Linux","Love And Order"
"Linux","Wizards' Clash"
"Linux","The Bug Butcher"
"Linux","Outpost 13"
"Linux","Niffelheim"
"Linux","Rustbucket Rumble"
"Linux","Ceres"
"Linux","DROD: The Second Sky"
"Linux","DROD RPG: Tendry's Tale"
"Linux","Scribble Space"
"Linux","Age of Fear: The Undead King"
"Linux","Intergalactic Bubbles"
"Linux","UnReal World"
"Linux","Solar Division"
"Linux","On My Own"
"Linux","Invisible Apartment"
"Linux","MadSpace: To Hell and Beyond"
"Linux","Z.A.R."
"Linux","Valhalla Hills"
"Linux","Beach Bounce"
"Linux","Chesster"
"Linux","Judge Dredd: Countdown Sector 106"
"Linux","MadOut"
"Linux","Little Cells"
"Linux","The Westport Independent"
"Linux","Reflections"
"Linux","Defect"
"Linux","Catacombs of the Undercity"
"Linux","Sneaky Ninja"
"Linux","The Way We ALL GO"
"Linux","The Universim"
"Linux","Princess Battles"
"Linux","An Octave Higher"
"Linux","Futuridium EP Deluxe"
"Linux","Caravan"
"Linux","Star Horizon"
"Linux","Chicken Invaders 5"
"Linux","Time of Dragons"
"Linux","Love at First Sight"
"Linux","Dungeon Highway"
"Linux","Stephen's Sausage Roll"
"Linux","Plug & Play"
"Linux","Oil Enterprise"
"Linux","Train Valley"
"Linux","Aberoth"
"Linux","Devouring Stars"
"Linux","Please, Don’t Touch Anything"
"Linux","Tadpole Treble"
"Linux","Stars Beyond Reach"
"Linux","PAYDAY: The Web Series: The Vault"
"Linux","PAYDAY: The Web Series: Hector"
"Linux","PAYDAY: The Web Series: The Elephant"
"Linux","PAYDAY: The Web Series: Greta: The Assassin"
"Linux","PAYDAY: The Web Series: Vlad & Gage"
"Linux","We Are Legion"
"Linux","Coated"
"Linux","The Adventures of Tree"
"Linux","Slinki"
"Linux","Race Online"
"Linux","Sky Force Anniversary"
"Linux","Crazy Steam Bros 2"
"Linux","Dungeon Crawlers HD"
"Linux","Gravilon"
"Linux","Codename CURE"
"Linux","Geocore"
"Linux","Reign of Bullets"
"Linux","Radium"
"Linux","Stratus: Battle for the Sky"
"Linux","Last Word"
"Linux","Overland"
"Linux","Centauri Sector"
"Linux","Piloteer"
"Linux","Home is Where One Starts..."
"Linux","Dungeon Warfare"
"Linux","The Hero of Kendrickstone"
"Linux","Sheltered"
"Linux","Beyond Eyes"
"Linux","Commander Cool 2"
"Linux","Machineers"
"Linux","Fuego!"
"Linux","Tile Rider"
"Linux","Keen Dreams"
"Linux","Tony Tough and the Night of Roasted Moths"
"Linux","Gathering Sky"
"Linux","Orbit HD"
"Linux","The Slaughter: Act One"
"Linux","Interloper"
"Linux","The Royal Trap: The Confines Of The Crown"
"Linux","Party Hard"
"Linux","Galacide"
"Linux","Choice of the Petal Throne"
"Linux","Eron"
"Linux","One More Line"
"Linux","Excubitor"
"Linux","UBERMOSH"
"Linux","Alter World"
"Linux","Snakebird"
"Linux","Return NULL - Episode 1"
"Linux","Unium"
"Linux","Home Improvisation: Furniture Sandbox"
"Linux","Rogue Continuum"
"Linux","The District"
"Linux","Defend Your Life"
"Linux","Make it indie!"
"Linux","R.O.O.T.S"
"Linux","Another Star"
"Linux","The Curious Expedition"
"Linux","Gryphon Knight Epic"
"Linux","Sunrider: Liberation Day - Captain's Edition"
"Linux","Selenon Rising"
"Linux","The Reject Demon: Toko Chapter 0 — Prelude"
"Linux","Luckslinger"
"Linux","Canabalt"
"Linux","Switch Galaxy Ultra"
"Linux","Hunter Gatherer"
"Linux","Kick Ass Commandos"
"Linux","TAKEN"
"Linux","Rituals"
"Linux","Heroes of Loot"
"Linux","XLarn"
"Linux","Nightside"
"Linux","Hypt"
"Linux","Cursed Sight"
"Linux","99 Waves to Die"
"Linux","Spellsworn"
"Linux","12 Labours of Hercules II: The Cretan Bull"
"Linux","12 Labours of Hercules III: Girl Power"
"Linux","Soda Star"
"Linux","Lumini"
"Linux","Nightfall: Escape"
"Linux","The Mean Greens - Plastic Warfare"
"Linux","Descent: Underground"
"Linux","Doom & Destiny Advanced"
"Linux","Sparkle 3 Genesis"
"Linux","Turmoil"
"Linux","Mother Russia Bleeds"
"Linux","Shrooms"
"Linux","Skyhook"
"Linux","The Little Crane That Could"
"Linux","Cradle"
"Linux","Luna Sky"
"Linux","Mortal Kombat: Legacy: Jax, Sonya and Kano (Part 2)"
"Linux","Mortal Kombat: Legacy: Johnny Cage"
"Linux","Mortal Kombat: Legacy: Kitana & Mileena (Part 1)"
"Linux","Mortal Kombat: Legacy: Kitana & Mileena (Part 2)"
"Linux","Mortal Kombat: Legacy: Raiden"
"Linux","Mortal Kombat: Legacy: Scorpion and Sub-Zero (Part 1)"
"Linux","Mortal Kombat: Legacy: Scorpion and Sub-Zero (Part 2)"
"Linux","Mortal Kombat: Legacy: Cyrax & Sektor"
"Linux","Queen At Arms"
"Linux","Siralim"
"Linux","Mortal Kombat: Legacy II: Reunited in Macau"
"Linux","Mortal Kombat: Legacy II: The Fall of Liu Kang"
"Linux","Mortal Kombat: Legacy II: Kenshi's Origin"
"Linux","Mortal Kombat: Legacy II: Kenshi Encounters Ermac"
"Linux","Mortal Kombat: Legacy II: Kitana and Mileena"
"Linux","Mortal Kombat: Legacy II: Johnny Cage"
"Linux","Mortal Kombat: Legacy II: Scorpion and Sub-Zero (Part 1)"
"Linux","Mortal Kombat: Legacy II: Scorpion and Sub-Zero (Part 2)"
"Linux","Mortal Kombat: Legacy II: Liu Kang"
"Linux","Mortal Kombat: Legacy II: Liu Kang and Kung Lao"
"Linux","Dungeon League"
"Linux","Dog Fight"
"Linux","Push Me Pull You"
"Linux","Software Inc."
"Linux","Blue Rose"
"Linux","Fran Bow"
"Linux","Tyranny"
"Linux","Let's Explore The Airport (Junior Field Trips)"
"Linux","Let's Explore The Farm (Junior Field Trips)"
"Linux","Let's Explore The Jungle (Junior Field Trips)"
"Linux","Tenshu General"
"Linux","Ghost in the Machine"
"Linux","Mind Snares: Alice's Journey"
"Linux","Always The Same Blue Sky..."
"Linux","Spermination"
"Linux","Kenney Game Assets"
"Linux","PING 1.5+"
"Linux","Holy Potatoes! A Weapon Shop?!"
"Linux","Tea Party Simulator 2015™"
"Linux","Egg Returns Home"
"Linux","Solar Shifter EX"
"Linux","Culina: Hands in the Kitchen"
"Linux","Capsule Force"
"Linux","Ride the Bullet"
"Linux","Farabel"
"Linux","Lucius Demake"
"Linux","Warlock's Citadel"
"Linux","The Apotheosis Project"
"Linux","Downfall"
"Linux","Roguelands"
"Linux","FreeCell Quest"
"Linux","Dawn of the Plow"
"Linux","Wonky Pigeon!"
"Linux","Voyage to Farland"
"Linux","BLEAK: Welcome to Glimmer"
"Linux","Restricted-RPS - The Swindler's Tournament Arc"
"Linux","One Manga Day"
"Linux","Curse of the Crescent Isle DX"
"Linux","Go Home - Rage incoming"
"Linux","Kona"
"Linux","Hollywood Visionary"
"Linux","Transmissions: Element 120"
"Linux","Quadrant"
"Linux","Hacknet"
"Linux","quadrant"
"Linux","OlliOlli2: Welcome to Olliwood"
"Linux","Blender 2.77"
"Linux","BRAWL"
"Linux","Vektor Wars"
"Linux","AdvertCity"
"Linux","Company of Heroes 2 - The British Forces"
"Linux","Mirrored - Chapter 1"
"Linux","Pixel Dungeon"
"Linux","Generic Space Shooter"
"Linux","Wurm Unlimited"
"Linux","MYTH"
"Linux","Ruzar - The Life Stone"
"Linux","Esenthel Engine"
"Linux","Zeuxis : procedural texture generator"
"Linux","Prompt"
"Linux","Broken Bots"
"Linux","Dungeon Hero"
"Linux","Spy Bugs"
"Linux","No One But You"
"Linux","Songbringer"
"Linux","Seduce Me the Otome"
"Linux","Demon Hearts"
"Linux","Redshift Blueshift"
"Linux","Poly Bridge"
"Linux","oO"
"Linux","Hook"
"Linux","Diamond Deeps"
"Linux","3D Paraglider"
"Linux","Almightree: The Last Dreamer"
"Linux","Tobari and the Night of the Curious Moon"
"Linux","Rising Angels: Hope"
"Linux","Marble Muse"
"Linux","CrossCode"
"Linux","Rememoried"
"Linux","Terra Nova: Strike Force Centauri"
"Linux","The Enchanted Cave 2"
"Linux","Timespinner"
"Linux","Dark Echo"
"Linux","Chronoclysm"
"Linux","No Time To Explain Remastered"
"Linux","Nebula Online"
"Linux","OreLight"
"Linux","Adventure in the Tower of Flight"
"Linux","Mystery Maze Of Balthasar Castle"
"Linux","AR-K: The Great Escape"
"Linux","Amygdala"
"Linux","Slain: Back from Hell"
"Linux","Invisible Apartment Zero"
"Linux","9 Clues 2: The Ward"
"Linux","Professor Why™: The Quantum Eye"
"Linux","Blacksea Odyssey"
"Linux","Spectra"
"Linux","NotGTAV"
"Linux","Holobunnies: The Bittersweet Adventure"
"Linux","Riddled Corpses"
"Linux","Gremlins, Inc."
"Linux","Templar Battleforce"
"Linux","Scarab Tales"
"Linux","Wyrmsun"
"Linux","Breezeblox"
"Linux","Axis Football 2015"
"Linux","Uncrowded"
"Linux","Lion Quest"
"Linux","LOOP: A Tranquil Puzzle Game"
"Linux","Dale Hardshovel HD"
"Linux","Animal Gods"
"Linux","Season of 12 Colors"
"Linux","TIS-100"
"Linux","Cosmophony"
"Linux","Nomad Fleet"
"Linux","Deponia The Complete Journey daily adv app"
"Linux","Discouraged Workers"
"Linux","Super 3-D Noah's Ark"
"Linux","Halcyon 6: Starbase Commander"
"Linux","Knee Deep"
"Linux","Two Digits"
"Linux","Dr. Spacezoo"
"Linux","Teddy Floppy Ear - The Race"
"Linux","Space Grunts"
"Linux","Grey Cubes"
"Linux","Gunnheim"
"Linux","Legends of Pixelia"
"Linux","Ramayana"
"Linux","Collider"
"Linux","Gunslugs"
"Linux","Barony"
"Linux","Starship Rubicon"
"Linux","Turnover"
"Linux","SnarfQuest Tales"
"Linux","Tumbleweed Express"
"Linux","Warriors & Castles"
"Linux","GROOVY"
"Linux","Second Warfare"
"Linux","Girl Amazon Survival"
"Linux","Floors of Discomfort"
"Linux","Pulse"
"Linux","RPG MO"
"Linux","Bernie Needs Love"
"Linux","Grail to the Thief"
"Linux","Stones of Sorrow"
"Linux","The Kindred"
"Linux","Divinity: Original Sin Enhanced Edition"
"Linux","Ryzom"
"Linux","Sudden Strike 4"
"Linux","Letter Quest: Grimm's Journey Remastered"
"Linux","Infinium Strike"
"Linux","Fork Truck Challenge"
"Linux","Twin Robots"
"Linux","Eternal Step"
"Linux","TransPlan"
"Linux","Cheats 4 Hire"
"Linux","The Last Dogma"
"Linux","Defend The Highlands"
"Linux","Agatha Christie - The ABC Murders"
"Linux","ADventure Lib"
"Linux","Orc Slayer"
"Linux","Energy Balance"
"Linux","Super Star Path"
"Linux","Tin Star"
"Linux","Gunpowder"
"Linux","Lunch Truck Tycoon"
"Linux","Sakura Fantasy Chapter 1"
"Linux","Bitweb"
"Linux","Colortone"
"Linux","Butsbal"
"Linux","Omni"
"Linux","The Architect"
"Linux","16bit Trader"
"Linux","Taimumari"
"Linux","DungeonRift"
"Linux","Air Brawl"
"Linux","CortexGear:AngryDroids"
"Linux","The Adventures of Mr. Bobley"
"Linux","QUASAR"
"Linux","Invisigun Heroes"
"Linux","Quantum Conscience"
"Linux","The Forgettable Dungeon"
"Linux","Human Resource Machine"
"Linux","Viridi"
"Linux","Illuminascii"
"Linux","Hadean Lands"
"Linux","Ground Breakers"
"Linux","Kelvin and the Infamous Machine"
"Linux","Monument"
"Linux","World War II GI"
"Linux","Big Thinkers Kindergarten"
"Linux","Big Thinkers 1st Grade"
"Linux","Hot Guns"
"Linux","Tiki Man"
"Linux","Hatoful Boyfriend: Holiday Star"
"Linux","Alarameth TD"
"Linux","Biodrone Battle"
"Linux","The Tower Of Elements"
"Linux","Who Is Mike"
"Linux","Chicken Invaders 3"
"Linux","Space Drifters 2D"
"Linux","Sakura Beach"
"Linux","Starlight Vega"
"Linux","Fox & Flock"
"Linux","Blue Libra"
"Linux","Empire TV Tycoon"
"Linux","Slam"
"Linux","Cardinal Quest 2"
"Linux","Energy Hook"
"Linux","Rack N Ruin"
"Linux","Rebel Wings"
"Linux","Football Manager 2016"
"Linux","Pump-Action Captain"
"Linux","Don't Be Patchman"
"Linux","Badland Bandits"
"Linux","Nature's Zombie Apocalypse"
"Linux","Blues and Bullets"
"Linux","Steamroll"
"Linux","Wayward"
"Linux","Polynomial 2"
"Linux","Animated Puzzles"
"Linux","The Secret of Tremendous Corporation"
"Linux","Fishing Planet"
"Linux","Killing Time at Lightspeed: Enhanced Edition"
"Linux","Herald: An Interactive Period Drama"
"Linux","Teeworlds"
"Linux","Orion: A Sci-Fi Visual Novel"
"Linux","Sky Rogue"
"Linux","Shoppe Keep"
"Linux","Karma"
"Linux","Lost in Paradise"
"Linux","Orion Trail"
"Linux","RC Simulation 2.0"
"Linux","Red Rope: Don't Fall Behind"
"Linux","Induction"
"Linux","Bard's Gold"
"Linux","Journey To The Center Of The Earth"
"Linux","Exile's End"
"Linux","SKYHILL"
"Linux","8Bit Fiesta"
"Linux","Space Xonix"
"Linux","Kidnapped"
"Linux","Super Dungeon Run"
"Linux","Feudalism"
"Linux","Dead Island Definitive Edition"
"Linux","Dead Island Riptide Definitive Edition"
"Linux","Dungeon Souls"
"Linux","Angels That Kill"
"Linux","Hue"
"Linux","Sound of Drop - fall into poison -"
"Linux","Metro Warp"
"Linux","That Old Time Religion"
"Linux","Mu Complex"
"Linux","Swords & Crossbones: An Epic Pirate Story"
"Linux","Judgement"
"Linux","The Ship: Remasted"
"Linux","Firewatch"
"Linux","Doorways: Holy Mountains of Flesh"
"Linux","Cross of the Dutchman"
"Linux","Impulse Revolution"
"Linux","Slybots: Frantic Zone"
"Linux","Mute Crimson+"
"Linux","PolyRace"
"Linux","Polychromatic"
"Linux","MechaNika"
"Linux","Magical Brickout"
"Linux","Macabre"
"Linux","Police Infinity"
"Linux","Battle for Blood - Epic battles within 30 seconds!"
"Linux","Gon' E-Choo!"
"Linux","AoF Chess Club 2.0"
"Linux","C. Kane"
"Linux","The Last Warlock"
"Linux","Stranded In Time"
"Linux","Paint it Back"
"Linux","Jet Racing Extreme"
"Linux","The Land Of Lamia"
"Linux","Radiator 2"
"Linux","Planet Centauri"
"Linux","Astro Lords"
"Linux","Cosmic Rocket Defender"
"Linux","Galactic Conquerors"
"Linux","Battle For The Sun"
"Linux","INK"
"Linux","Time Clickers"
"Linux","Golden Rush"
"Linux","Planetary Annihilation: TITANS"
"Linux","Pharaonic"
"Linux","Vampire of the Sands"
"Linux","Vendetta - Curse of Raven's Cry"
"Linux","MegaSphere"
"Linux","Rise: Battle Lines"
"Linux","Sparkour"
"Linux","Blood Code"
"Linux","Champion of the Gods"
"Linux","Psycho Starship Rampage"
"Linux","Cook, Serve, Delicious! 2!!"
"Linux","StoryMode - A Game About Crafting"
"Linux","Puzzle Strike"
"Linux","The Cat Machine"
"Linux","Ultimate Chicken Horse"
"Linux","Asphyxia"
"Linux","Revolution : Virtual Playspace"
"Linux","Shmup Love Boom"
"Linux","Steel Rain"
"Linux","Sol 0: Mars Colonization"
"Linux","Build a Game Universe"
"Linux","the static speaks my name"
"Linux","Mold on Pizza 🍕"
"Linux","Clown House (Palyaço Evi)"
"Linux","Snik"
"Linux","The Escapists: The Walking Dead"
"Linux","Spakoyno: Back To USSR 2.0"
"Linux","Day of the Tentacle Remastered"
"Linux","Nova Blitz"
"Linux","In Between"
"Linux","Big Journey to Home"
"Linux","One Way To Die: Steam Edition"
"Linux","Dr. Bulbaceous"
"Linux","Galactic Missile Defense"
"Linux","Unfinished - An Artist's Lament"
"Linux","Raiseland"
"Linux","Oxenfree"
"Linux","Torn Tales"
"Linux","Unnamed Fiasco"
"Linux","Tic-Toc-Tower"
"Linux","Robot vs Birds Zombies"
"Linux","Wild Animal Racing"
"Linux","Stardust Galaxy Warriors"
"Linux","Legacy of Dorn: Herald of Oblivion"
"Linux","Blues and Bullets - Digital Comic"
"Linux","Queen's Quest: Tower of Darkness"
"Linux","FreezeME"
"Linux","Mekazoo"
"Linux","Three Digits"
"Linux","Circa Infinity"
"Linux","Spacejacked"
"Linux","Circuit Breakers"
"Linux","Russian Horror Story"
"Linux","Void Invaders"
"Linux","Dolguth"
"Linux","Forgotten Lore"
"Linux","Alien Robot Monsters"
"Linux","Braveland Pirate"
"Linux","Undertale"
"Linux","King Lucas"
"Linux","Layers of Fear"
"Linux","Uebergame"
"Linux","Evolution"
"Linux","RFLEX"
"Linux","Fatal Theory"
"Linux","City Z"
"Linux","Wish -tale of the sixteenth night of lunar month-"
"Linux","Volvox"
"Linux","Glück Auf"
"Linux","Football Manager Touch 2016"
"Linux","Wild Island Quest"
"Linux","The Dreamatorium of Dr. Magnus 2"
"Linux","Bit Shifter"
"Linux","Ice Lakes"
"Linux","The Journey Back"
"Linux","ROOT"
"Linux","Synchrom"
"Linux","Auto Dealership Tycoon"
"Linux","Dark Heritage: Guardians of Hope"
"Linux","Punch Club"
"Linux","Hearts of Iron IV"
"Linux","BattleStick"
"Linux","Dimension Drive"
"Linux","Owys"
"Linux","Square Brawl"
"Linux","DEADBOLT"
"Linux","Habitus"
"Linux","Toby: The Secret Mine"
"Linux","Voxel Blast"
"Linux","The Dwarf Run"
"Linux","Mr Makeshifter"
"Linux","We Are The Dwarves"
"Linux","Inventioneers"
"Linux","Armor Clash"
"Linux","Ittle Dew 2"
"Linux","Bear Simulator"
"Linux","InCell VR"
"Linux","VERSUS: The Lost Ones"
"Linux","Masochisia"
"Linux","Bleed 2"
"Linux","LocoSoccer"
"Linux","Battlevoid: Harbinger"
"Linux","ACE Academy"
"Linux","Tahira: Echoes of the Astral Empire"
"Linux","Sol Trader"
"Linux","12 Labours of Hercules IV: Mother Nature"
"Linux","Over The Hills And Far Away"
"Linux","Gridworld"
"Linux","Ironkraft - Road to Hell"
"Linux","Stellar Overload"
"Linux","Troubles Land"
"Linux","A Kiss for the Petals - Remembering How We Met"
"Linux","Space Food Truck"
"Linux","HueBots"
"Linux","Shmadow"
"Linux","Rescue Love Revenge"
"Linux","A Wise Use of Time"
"Linux","Carnivore Land"
"Linux","Clustertruck"
"Linux","Highschool Romance"
"Linux","Ace of Protectors"
"Linux","Louie Cooks"
"Linux","Timberman"
"Linux","Goggles - World of Vaporia"
"Linux","Epistory - Typing Chronicles"
"Linux","Zombie Gotchi"
"Linux","Fjall"
"Linux","Fasaria World Online"
"Linux","Without Within 2"
"Linux","Porradaria Upgrade"
"Linux","Dragon's Wake"
"Linux","It's time to get out from the solar system"
"Linux","Flamebreak"
"Linux","Game Corp DX"
"Linux","Expand"
"Linux","Kopanito All-Stars Soccer"
"Linux","The Secret Order 2: Masked Intent"
"Linux","Mad Snowboarding"
"Linux","Atari Vault"
"Linux","Cloney"
"Linux","Else Heart.Break()"
"Linux","Freedom Poopie"
"Linux","Okhlos"
"Linux","The Deer"
"Linux","Heaven Island - VR MMO"
"Linux","NeuroVoider"
"Linux","MadOut Ice Storm"
"Linux","FINAL TAKE"
"Linux","WeaponizedChess"
"Linux","Black Closet"
"Linux","Gates of Hell"
"Linux","Ultimate Rock Crawler"
"Linux","Anode"
"Linux","Dinosaur Hunt"
"Linux","Invisible Apartment 2"
"Linux","Nubs' Adventure"
"Linux","The Aquatic Adventure of the Last Human"
"Linux","Lavapools"
"Linux","Broadside"
"Linux","Life in Bunker"
"Linux","Poi"
"Linux","Sakura Swim Club"
"Linux","Overfall"
"Linux","Hyperdrive Massacre"
"Linux","Out of the Park Baseball 17"
"Linux","The Last Door: Season 2 - Collector's Edition"
"Linux","Double Fine Adventure!: Codename: Reds"
"Linux","Double Fine Adventure!: Walking Around In Our Drawings"
"Linux","Double Fine Adventure!: It’s Gonna Get Hairy"
"Linux","Double Fine Adventure!: That Bagel Filter Thing"
"Linux","Double Fine Adventure!: We'll Handle It"
"Linux","Double Fine Adventure!: Adventure Games Are Not Dead"
"Linux","Double Fine Adventure!: Broken Age"
"Linux","Double Fine Adventure!: Part One of Something Great"
"Linux","Double Fine Adventure!: Ship It"
"Linux","Double Fine Adventure!: A Whole Different Game Experience"
"Linux","Double Fine Adventure!: Crash Landing a Plane"
"Linux","Double Fine Adventure!: I Think This is a Winner"
"Linux","Double Fine Adventure!: Evergreen Games"
"Linux","Double Fine Adventure!: This Time it's Just for Love"
"Linux","Double Fine Adventure!: Deadline for Tim"
"Linux","Double Fine Adventure!: Constipation and Defcon 4"
"Linux","Double Fine Adventure!: Last Call"
"Linux","Double Fine Adventure!: We Did Our Job"
"Linux","Space Thinger"
"Linux","Miner Mayhem"
"Linux","Osteya"
"Linux","GravBlocks"
"Linux","SkyScrappers"
"Linux","Fairy Tale Mysteries 2: The Beanstalk"
"Linux","Color Symphony 2"
"Linux","Sky To Fly: Faster Than Wind"
"Linux","ALPAGES : THE FIVE BOOKS"
"Linux","Conquest of Elysium 4"
"Linux","The Dwarves"
"Linux","Lucky Rabbit Reflex!"
"Linux","Murder"
"Linux","STEEL STRIDER"
"Linux","Battle Girls"
"Linux","Club Life"
"Linux","Tracks and Turrets"
"Linux","Endless Sky"
"Linux","SC2VN - The eSports Visual Novel"
"Linux","Dead Acres"
"Linux","Vikings - Wolves of Midgard"
"Linux","One Hundred Ways"
"Linux","Game Tycoon 2"
"Linux","Curvatron"
"Linux","Carrotting Brain"
"Linux","Godot Engine"
"Linux","Escape from Puzzlegate"
"Linux","U-Boats"
"Linux","Bitardia"
"Linux","Queen Under The Mountain"
"Linux","Siegecraft Commander"
"Linux","Sky Break"
"Linux","Flight of the Paladin"
"Linux","Pony Island"
"Linux","Zero Reflex"
"Linux","Sunken"
"Linux","Ant War: Domination"
"Linux","Astral Breakers"
"Linux","Refunct"
"Linux","Gnomes Vs. Fairies"
"Linux","Stop Online - Battle of Words"
"Linux","Ratings War"
"Linux","FL337"
"Linux","Crush Your Enemies"
"Linux","Eventide: Slavic Fable"
"Linux","Survival Is Not Enough"
"Linux","Star Sky - ブルームーン"
"Linux","Gulf of Aden - Task Force Somalia"
"Linux","The Last NightMary - A Lenda do Cabeça de Cuia"
"Linux","Sakura Dungeon"
"Linux","Strawberry Vinegar"
"Linux","Gabe Newell Simulator"
"Linux","ARK: Survival Of The Fittest"
"Linux","Killing Room"
"Linux","Mad Nords: Probably an Epic Quest"
"Linux","Sakura Beach 2"
"Linux","Slime Jumper"
"Linux","Message Quest"
"Linux","ChromaGun"
"Linux","Highschool Possession"
"Linux","Zombasite"
"Linux","Blue Sheep"
"Linux","Syndrome"
"Linux","Monster RPG 2"
"Linux","Among the Heavens"
"Linux","Marble Mountain"
"Linux","SnakEscape"
"Linux","The Fall of the Dungeon Guardians"
"Linux","Rumble"
"Linux","Angry Video Game Nerd II: ASSimilation"
"Linux","Death by Game Show"
"Linux","Brilliant Shadows - Part One of the Book of Gray Magic"
"Linux","12 is Better Than 6"
"Linux","Liftoff"
"Linux","Vertigo Void"
"Linux","Expander"
"Linux","Starlord"
"Linux","Tank: The M1A1 Abrams Battle Tank Simulation"
"Linux","Starward Rogue"
"Linux","Higurashi When They Cry - Ch.2 Watanagashi"
"Linux","Deathless: The City's Thirst"
"Linux","Master of Orion 1"
"Linux","Master of Orion 2"
"Linux","SHOWTIME 2073"
"Linux","Galaxy Admirals"
"Linux","Leviathan: The Cargo"
"Linux","Dota 2 Player Profiles: EG - Suma1L"
"Linux","Dota 2 Player Profiles: Na'Vi - XBOCT"
"Linux","Dota 2 Player Profiles: Invictus Gaming - Ferrari"
"Linux","Dota 2 Player Profiles: MVPHot6 - HEEN"
"Linux","Dota 2 Player Profiles: EHome - ROTKE"
"Linux","Dota 2 Player Profiles: Cloud9 - NoTail"
"Linux","Dota 2 Player Profiles: Complexity - zfreek"
"Linux","Dota 2 Player Profiles: Empire - Alohadance"
"Linux","Dota 2 Player Profiles: Fnatic - Kecik-Imba"
"Linux","Dota 2 Player Profiles: LGD - Xiao8"
"Linux","Dota 2 Player Profiles: Newbee - Mu"
"Linux","Dota 2 Player Profiles: TeamSecret - S4"
"Linux","Dota 2 Player Profiles: Vici - fy"
"Linux","Dota 2 Player Profiles: Virtus.Pro - FNG"
"Linux","Hybrid Wars"
"Linux","Reveal The Deep"
"Linux","Zombie Exodus"
"Linux","Tick's Tales"
"Linux","Wicked Witches"
"Linux","Yet Another World"
"Linux","InfiniTrap"
"Linux","Empires Of Creation"
"Linux","Stories of Bethem: Full Moon"
"Linux","Castle Chaos"
"Linux","Villagers"
"Linux","Yrminsul"
"Linux","Days Under Custody"
"Linux","Revolve"
"Linux","Stardew Valley"
"Linux","Danganronpa: Trigger Happy Havoc"
"Linux","Danganronpa 2: Goodbye Despair"
"Linux","Rocket Fist"
"Linux","Goultard"
"Linux","CS:GO Player Profiles: n0thing - Cloud9"
"Linux","CS:GO Player Profiles:  TaZ - Virtus.Pro"
"Linux","CS:GO Player Profiles: GeT_RiGhT - Ninjas in Pyjamas"
"Linux","CS:GO Player Profiles: olofmeister - fnatic"
"Linux","CS:GO Player Profiles: kennyS - Team Envyus"
"Linux","CS:GO Player Profiles: Edward - Na'Vi"
"Linux","CS:GO Player Profiles: markeloff - Flipsid3"
"Linux","CS:GO Player Profiles: device - Team SoloMid"
"Linux","Sickness"
"Linux","Life is Hard"
"Linux","Junk Jack"
"Linux","Raining Blobs"
"Linux","5089: The Action RPG"
"Linux","Vampire Legends: The True Story of Kisilova"
"Linux","Epic Clicker Journey"
"Linux","One More Dungeon"
"Linux","Motorsport Manager"
"Linux","Feesh"
"Linux","Cross Set"
"Linux","Nyan Cat: Lost In Space"
"Linux","Red Comrades Save the Galaxy: Reloaded"
"Linux","OmniBus"
"Linux","Crystal Picnic"
"Linux","Energy Cycle"
"Linux","Quatro Luzes"
"Linux","InterSection"
"Linux","Written in the Sky"
"Linux","HotLead"
"Linux","Max's Big Bust - A Captain Nekorai Tale"
"Linux","Showing Tonight: Mindhunters Incident"
"Linux","Tacopocalypse"
"Linux","The Growth Journey"
"Linux","Diabolical"
"Linux","Oh...Sir!"
"Linux","SquareCells"
"Linux","Cluck Yegger in Escape From The Planet of the Poultroid"
"Linux","Color By"
"Linux","Astral Gun"
"Linux","UnSummoning: the Spectral Horde"
"Linux","Pavilion"
"Linux","Emily is Away"
"Linux","Planet Diver"
"Linux","The Madness of Little Emma"
"Linux","Metal Tales: Fury of the Guitar Gods"
"Linux","Shadow Tactics: Blades of the Shogun"
"Linux","Draw Slasher"
"Linux","Swiftly"
"Linux","Pankapu"
"Linux","Idle Civilization"
"Linux","Bridge Constructor Stunts"
"Linux","That Dragon, Cancer"
"Linux","Red Game Without A Great Name"
"Linux","Rogue Singularity"
"Linux","House of Hell"
"Linux","Dota 2 Player Profiles: CDEC's Journey to The Majors"
"Linux","Dota 2 Player Profiles: EG Champions of TI5"
"Linux","Alphabeats: Master Edition"
"Linux","Into the Void"
"Linux","Spectrum"
"Linux","OneShot"
"Linux","StarBreak"
"Linux","Store Manager: Cellular Edition"
"Linux","Lost Labyrinth Extended Version"
"Linux","CHKN"
"Linux","Time Tenshi"
"Linux","Army Gals"
"Linux","Soldiers: Arena"
"Linux","Deponia Doomsday"
"Linux","Militia"
"Linux","Dissonance: An Interactive Novelette"
"Linux","A Study in Steampunk: Choice by Gaslight"
"Linux","CUPID - A free to play Visual Novel"
"Linux","Sakura Santa"
"Linux","Goetia"
"Linux","Quatros Origins"
"Linux","Shadowrun Chronicles: INFECTED Director's Cut"
"Linux","Wand Wars"
"Linux","ShipLord"
"Linux","Element"
"Linux","Megamagic: Wizards of the Neon Age"
"Linux","Particle Fleet: Emergence"
"Linux","Community College Hero: Trial by Fire"
"Linux","Pendragon Rising"
"Linux","Choice of Kung Fu"
"Linux","Where's My Mommy?"
"Linux","Summer Fling"
"Linux","Gardenarium"
"Linux","Automata Empire"
"Linux","Marooners"
"Linux","Astervoid 2000"
"Linux","Carpe Diem"
"Linux","Dinocide"
"Linux","SodaCity"
"Linux","Balrum"
"Linux","Iron Snout"
"Linux","Asteroids Minesweeper"
"Linux","Recursion Deluxe"
"Linux","Shadwen"
"Linux","Super Button Soccer"
"Linux","The Order of the Thorne - The King's Challenge"
"Linux","Gyrodisc Super League"
"Linux","HunieCam Studio"
"Linux","Defragmented"
"Linux","MetaHuman Inc."
"Linux","Yooka-Laylee - Toybox"
"Linux","Factorio"
"Linux","Tibetan Quest: Beyond the World's End"
"Linux","Who's Your Daddy"
"Linux","Pills4Skills"
"Linux","PERFECT ANGLE: The puzzle game based on optical illusions"
"Linux","Hitman GO: Definitive Edition"
"Linux","The Next World"
"Linux","Army of Tentacles: (Not) A Cthulhu Dating Sim"
"Linux","Heathen Engineering's Terran"
"Linux","Aozora Meikyuu"
"Linux","The ORPHEUS Ruse"
"Linux","Sixth Grade Detective"
"Linux","MadOut Open City"
"Linux","Fear Equation"
"Linux","Chasing Dead"
"Linux","Unearthing Colossal"
"Linux","Hatch and Slay"
"Linux","Save the Dodos"
"Linux","Linea, the Game"
"Linux","WinKings"
"Linux","Lost World Zero"
"Linux","Zamarian"
"Linux","Super Helmets on Fire DX Ultra Edition Plus Alpha"
"Linux","Beyond Dimensions"
"Linux","Sepia Tears"
"Linux","Satellite Rush"
"Linux","Fairy Tale Mysteries: The Puppet Thief"
"Linux","The Emerald Maiden: Symphony of Dreams"
"Linux","Dungeon Rushers"
"Linux","The Sad Story of Emmeline Burns"
"Linux","Nature Defenders"
"Linux","Porradaria 2: Pagode of the Night"
"Linux","Golf With Your Friends"
"Linux","Cursed"
"Linux","Dungeons Are Random"
"Linux","Mazement"
"Linux","Alchemist's Awakening"
"Linux","Midnight"
"Linux","Frosty Kiss"
"Linux","Hubert's Island Adventure: Mouse o' War"
"Linux","Action Legion"
"Linux","Doodle Kingdom"
"Linux","Aseprite"
"Linux","Rivalry"
"Linux","Swanky Paint"
"Linux","Negligee"
"Linux","Echo Tokyo: Phoenix"
"Linux","Break Chance Memento"
"Linux","Discouraged Workers TEEN"
"Linux","Axe, Bow & Staff"
"Linux","Tiltagon"
"Linux","Elemental Heroes"
"Linux","Hydra Slayer"
"Linux","Grenade Madness"
"Linux","ATOM GRRRL!!"
"Linux","And So It Was"
"Linux","Mimic Arena"
"Linux","Welkin Road"
"Linux","Green Game: TimeSwapper"
"Linux","Slime Rancher"
"Linux","Luckless Seven"
"Linux","The Song of Seven : Chapter One"
"Linux","Trulon: The Shadow Engine"
"Linux","MARI indie 3.0"
"Linux","Bit Blaster XL"
"Linux","Paws"
"Linux","Plight of the Zombie"
"Linux","Bridge! 2"
"Linux","Premium Pool"
"Linux","To Burn in Memory"
"Linux","It's Spring Again"
"Linux","Bear Haven Nights"
"Linux","Fairies vs. Darklings: Arcane Edition"
"Linux","Alien Blitz"
"Linux","Parasite"
"Linux","Typefighters (Steam Edition)"
"Linux","imprint-X"
"Linux","Kitten Rampage"
"Linux","Buried: An Interactive Story"
"Linux","Simutrans"
"Linux","Blue Bird"
"Linux","FORGOTTEN BALL"
"Linux","Lichtspeer"
"Linux","Z-Exemplar"
"Linux","The Renegades of Orion 2.0"
"Linux","Brushwood Buddies"
"Linux","That Dam Level redux"
"Linux","The Whisperer in Darkness"
"Linux","Elansar"
"Linux","Philia : the Sequel to Elansar"
"Linux","Intergalactic Road Warriors"
"Linux","Planet Stronghold: Colonial Defense"
"Linux","Fractal Space"
"Linux","Binaries"
"Linux","Lovely Planet Arcade"
"Linux","Lolly Joe"
"Linux","Empire of the Gods"
"Linux","Ultimate Arena"
"Linux","Robo's World: The Zarnok Fortress"
"Linux","Prison Run and Gun"
"Linux","Soup"
"Linux","Bullshot"
"Linux","A More Beautiful World - A Visual Novel"
"Linux","Stellar Stars"
"Linux","Arctic alive"
"Linux","Space Battle Core"
"Linux","My Night Job"
"Linux","Chill the Piro"
"Linux","The Culling"
"Linux","Toys of War"
"Linux","HoPiKo"
"Linux","The Secret Order 3: Ancient Times"
"Linux","Lord of Rigel"
"Linux","ZeGame"
"Linux","GoNNER"
"Linux","State of Mind"
"Linux","Earth Space Colonies"
"Linux","AuroraRL"
"Linux","Tricky Towers"
"Linux","Surfingers"
"Linux","Dungeon Runner"
"Linux","Terrarium Land"
"Linux","Random Access Murder"
"Linux","Hyper Box"
"Linux","Hack, Slash & Backstab"
"Linux","Until I Have You"
"Linux","BLUE REVOLVER"
"Linux","'n Verlore Verstand"
"Linux","The Lost Heir 2: Forging a Kingdom"
"Linux","The Lost Heir: The Fall of Daria"
"Linux","Clouds & Sheep 2"
"Linux","Heroes of Loot 2"
"Linux","Risky Rescue"
"Linux","Lucid9"
"Linux","Frontier"
"Linux","Fall of Gyes"
"Linux","Project Arrhythmia"
"Linux","VirtualHere for Steam Link"
"Linux","Niche - a genetics survival game"
"Linux","Survival Zombies The Inverted Evolution"
"Linux","Story of a Cube"
"Linux","Drawn Story"
"Linux","Trial by Viking"
"Linux","The Count Lucanor"
"Linux","Polandball: Can into Space!"
"Linux","Quest of Souls"
"Linux","VALENS"
"Linux","Jelly Killer"
"Linux","Mind Dead"
"Linux","Switchcars"
"Linux","Sprinter"
"Linux","STRAFE®"
"Linux","Vega Tank"
"Linux","Legacy of the Elder Star"
"Linux","Hero Generations: ReGen"
"Linux","Star Sky 2"
"Linux","Adam and Eve: The Game - Chapter 1"
"Linux","Wailing Heights"
"Linux","This Is the Police"
"Linux","The Daring Mermaid Expedition"
"Linux","Burokku Girls"
"Linux","Super Night Riders"
"Linux","Coffee Pot Terrarium"
"Linux","Bonsai"
"Linux","Asteroid Bounty Hunter"
"Linux","Hypersensitive Bob"
"Linux","Jumpix Jump"
"Linux","HACK_IT"
"Linux","Broken Dreams"
"Linux","Leave Me Alone: A Trip To Hell"
"Linux","Void 21"
"Linux","ALONE IN SPACE"
"Linux","Mimpi Dreams"
"Linux","NO THING"
"Linux","Concrete and Steel"
"Linux","UBERMOSH:BLACK"
"Linux","Frozen Synapse 2"
"Linux","Tatsu"
"Linux","The Average Everyday Adventures of Samantha Browne"
"Linux","Tiny Knight"
"Linux","Atomic Space Command"
"Linux","The Stargazers"
"Linux","Wizard of Legend"
"Linux","ecotone"
"Linux","Sabres of Infinity"
"Linux","Guns of Infinity"
"Linux","Armed and Gelatinous"
"Linux","7 Mages"
"Linux","Highschool Romance: Magi Trials"
"Linux","Transport Fever"
"Linux","The Lonesome Fog"
"Linux","Bird of Light"
"Linux","Paper Train: Traffic"
"Linux","VA-11 Hall-A: Cyberpunk Bartender Action"
"Linux","Regeria Hope Episode 1"
"Linux","XCavalypse"
"Linux","Spectrubes"
"Linux","Sparkle ZERO"
"Linux","RePete"
"Linux","Share"
"Linux","Mr. Nibbles Forever"
"Linux","WOLFLAME"
"Linux","Bitardia Cards: Memes of 2ch"
"Linux","IS Defense"
"Linux","Bacteria"
"Linux","Caravanserail"
"Linux","TERROR LAB"
"Linux","Minimal"
"Linux","Dead End Road"
"Linux","Imhotep, Pyramid Builder"
"Linux","Sixtieth Kilometer"
"Linux","Infinity Wings - Scout & Grunt"
"Linux","Axes and Acres"
"Linux","Steno Arcade"
"Linux","Cellar"
"Linux","Zombie Parking"
"Linux","Istrolid"
"Linux","Meld"
"Linux","A Little Lily Princess"
"Linux","Dino Eggs: Rebirth"
"Linux","Serafina's Crown"
"Linux","Mini's Magic World"
"Linux","Chicken Invaders 2"
"Linux","REDCON"
"Linux","Tenrow"
"Linux","! That Bastard Is Trying To Steal Our Gold !"
"Linux","Creepy Castle"
"Linux","The Spatials: Galactology"
"Linux","Battle Chasers: Nightwar"
"Linux","Demetrios - The BIG Cynical Adventure"
"Linux","CounterAttack"
"Linux","C14 Dating"
"Linux","War Birds: WW2 Air strike 1942"
"Linux","Highway Blossoms"
"Linux","End Of The Mine"
"Linux","Party Saboteurs"
"Linux","The Fifth Expedition"
"Linux","Parkitect"
"Linux","Frederic: Resurrection of Music Director's Cut"
"Linux","Powargrid"
"Linux","Vaccine War"
"Linux","Marble Void"
"Linux","TableTop Soccer"
"Linux","Last Will"
"Linux","Borstal"
"Linux","Forgotten Tales: Day of the Dead"
"Linux","Secrets of Magic: The Book of Spells"
"Linux","Candice DeBébé's Incredibly Trick Lifestyle"
"Linux","Hero Quest: Tower Conflict"
"Linux","What the Dark Keeps"
"Linux","Quantum Chess"
"Linux","Blueprint Tycoon"
"Linux","Dungeon Escape"
"Linux","CrazyCars3D"
"Linux","Cubicolor"
"Linux","The Temporal Invasion"
"Linux","Champions of Breakfast"
"Linux","Mini Metal"
"Linux","Substance Painter 2"
"Linux","Ultimate Fight Manager 2016"
"Linux","Demon's Crystals"
"Linux","Cyber City 2157: The Visual Novel"
"Linux","RAM BOE"
"Linux","Atriage"
"Linux","Amaranthine"
"Linux","Gravity Den"
"Linux","PAC-MAN 256"
"Linux","Shift Orb"
"Linux","Domain Defense"
"Linux","Smash Pixel Racing"
"Linux","Space Scaven"
"Linux","Hand of Fate 2"
"Linux","Zombillie"
"Linux","Parallels Cross"
"Linux","StarsOne"
"Linux","SEUM: Speedrunners from Hell"
"Linux","Forgotten, Not Lost - A Kinetic Novel"
"Linux","My Lady"
"Linux","Mushroom Wars 2"
"Linux","Sky To Fly: Soulless Leviathan"
"Linux","Adele: Following the Signs"
"Linux","CS:GO Player Profiles: karrigan - Astralis"
"Linux","CS:GO Player Profiles: pashaBiceps - Virtus.Pro"
"Linux","CS:GO Player Profiles: Guardian - Na'Vi"
"Linux","CS:GO Player Profiles: Happy - Team EnVyUs"
"Linux","CS:GO Player Profiles: fnx - Luminosity"
"Linux","CS:GO Player Profiles: Friberg - Ninjas in Pyjamas"
"Linux","CS:GO Player Profiles: Maikelele - FaZe"
"Linux","Vilmonic"
"Linux","Grim Legends 3: The Dark City"
"Linux","Mythic Wonders: The Philosopher's Stone"
"Linux","Kingdom Rush Frontiers"
"Linux","Love in the Glen"
"Linux","The Hero Project: Redemption Season"
"Linux","BATTLESLOTHS"
"Linux","Catch Canvas"
"Linux","Crush Crush"
"Linux","Guards"
"Linux","Breached"
"Linux","A-Gents"
"Linux","Soulcaster: Part I & II"
"Linux","Roll'd"
"Linux","A Long Way Home"
"Linux","Beglitched"
"Linux","Dashy Square"
"Linux","Massive"
"Linux","It's Killing Time"
"Linux","Seduce Me 2: The Demon War"
"Linux","Zenge"
"Linux","Hyposphere"
"Linux","Forge of Gods (RPG)"
"Linux","Beat Cop"
"Linux","Starr Mazer: DSP"
"Linux","Pocket Kingdom"
"Linux","BalanCity"
"Linux","Townopolis"
"Linux","Crawlers and Brawlers"
"Linux","The East New World"
"Linux","Caveman World: Mountains of Unga Boonga"
"Linux","Wander No More"
"Linux","Liveza: Death of the Earth"
"Linux","Glory Warrior : Lord of Darkness"
"Linux","The Sea Eternal"
"Linux","One Thousand Lies"
"Linux","Retool"
"Linux","Shadows of Kurgansk"
"Linux","Shadow Over Isolation"
"Linux","RUINER"
"Linux","Codex of Victory"
"Linux","Screeps"
"Linux","Best of Us"
"Linux","BloodGate"
"Linux","Siralim 2"
"Linux","Bibou"
"Linux","Sumer"
"Linux","Event Horizon"
"Linux","Sector Six"
"Linux","Crime Secrets: Crimson Lily"
