"Genre","name"
"Massively Multiplayer","Bloodline Champions"
"Massively Multiplayer","EVE Online"
"Massively Multiplayer","Champions Online"
"Massively Multiplayer","Star Trek Online"
"Massively Multiplayer","Dragon Nest"
"Massively Multiplayer","DC Universe Online"
"Massively Multiplayer","Guild Wars: Game of the Year Edition"
"Massively Multiplayer","Guild Wars: Factions"
"Massively Multiplayer","Guild Wars: Trilogy"
"Massively Multiplayer","Guild Wars: Nightfall"
"Massively Multiplayer","Guild Wars: Eye of the North"
"Massively Multiplayer","Forsaken World"
"Massively Multiplayer","CrimeCraft GangWars"
"Massively Multiplayer","RIFT"
"Massively Multiplayer","FINAL FANTASY XIV: A Realm Reborn"
"Massively Multiplayer","Stronghold Kingdoms"
"Massively Multiplayer","Spiral Knights"
"Massively Multiplayer","Puzzle Pirates"
"Massively Multiplayer","MicroVolts Surge"
"Massively Multiplayer","Neverwinter"
"Massively Multiplayer","APB Reloaded"
"Massively Multiplayer","Fallen Earth"
"Massively Multiplayer","Realm of the Mad God"
"Massively Multiplayer","EverQuest II"
"Massively Multiplayer","EverQuest Free-to-Play"
"Massively Multiplayer","Dungeons & Dragons Online®"
"Massively Multiplayer","War of the Immortals"
"Massively Multiplayer","Star Conflict"
"Massively Multiplayer","Vindictus"
"Massively Multiplayer","Mabinogi"
"Massively Multiplayer","Atlantica Online"
"Massively Multiplayer","C9"
"Massively Multiplayer","The Lord of the Rings Online™"
"Massively Multiplayer","The Lord of the Rings Online™: Riders of Rohan™ Heroic Edition Live"
"Massively Multiplayer","WAKFU"
"Massively Multiplayer","Ragnarok"
"Massively Multiplayer","ROSE Online"
"Massively Multiplayer","The Secret World"
"Massively Multiplayer","Dungeon Party"
"Massively Multiplayer","MapleStory"
"Massively Multiplayer","Age of Conan: Unchained"
"Massively Multiplayer","PlanetSide 2"
"Massively Multiplayer","DayZ"
"Massively Multiplayer","Champions of Regnum"
"Massively Multiplayer","Perpetuum"
"Massively Multiplayer","Defiance"
"Massively Multiplayer","Marvel Heroes 2016"
"Massively Multiplayer","Infestation: Survivor Stories Classic"
"Massively Multiplayer","Kingdom Wars"
"Massively Multiplayer","Darkfall Unholy Wars"
"Massively Multiplayer","Firefall"
"Massively Multiplayer","Heroes & Generals"
"Massively Multiplayer","FINAL FANTASY® XI: Ultimate Collection Seekers Edition NA"
"Massively Multiplayer","Ragnarok Online 2"
"Massively Multiplayer","Prime World"
"Massively Multiplayer","Blitzkrieg 3"
"Massively Multiplayer","King’s Bounty: Legions"
"Massively Multiplayer","War Thunder"
"Massively Multiplayer","Elsword"
"Massively Multiplayer","Path of Exile"
"Massively Multiplayer","Panzar"
"Massively Multiplayer","The Crew"
"Massively Multiplayer","Happy Wars"
"Massively Multiplayer","Nether"
"Massively Multiplayer","NEStalgia"
"Massively Multiplayer","The Castle Doctrine"
"Massively Multiplayer","8BitMMO"
"Massively Multiplayer","Rust"
"Massively Multiplayer","CABAL Online"
"Massively Multiplayer","Dofus"
"Massively Multiplayer","Entropy"
"Massively Multiplayer","Infinity Wars - Animated Trading Card Game"
"Massively Multiplayer","Dragon's Prophet (EU)"
"Massively Multiplayer","The Four Kings Casino and Slots"
"Massively Multiplayer","Villagers and Heroes"
"Massively Multiplayer","La Tale"
"Massively Multiplayer","Cannons Lasers Rockets"
"Massively Multiplayer","City of Steam: Arkadia"
"Massively Multiplayer","iRacing"
"Massively Multiplayer","Aura Kingdom"
"Massively Multiplayer","Hero Siege"
"Massively Multiplayer","Voice Of Pripyat"
"Massively Multiplayer","Counter-Strike Nexon: Zombies"
"Massively Multiplayer","Creativerse"
"Massively Multiplayer","Lucent Heart"
"Massively Multiplayer","Colonies Online"
"Massively Multiplayer","Selfie: Sisters of the Amniotic Lens"
"Massively Multiplayer","Mortal Online"
"Massively Multiplayer","Requiem"
"Massively Multiplayer","Echo of Soul"
"Massively Multiplayer","Cloud Chamber"
"Massively Multiplayer","My Lands"
"Massively Multiplayer","Wander"
"Massively Multiplayer","Epic Space: Online"
"Massively Multiplayer","Amazing World"
"Massively Multiplayer","Guns and Robots"
"Massively Multiplayer","H1Z1: Just Survive"
"Massively Multiplayer","Royal Quest"
"Massively Multiplayer","Darkwind: War on Wheels"
"Massively Multiplayer","Xsyon - Prelude"
"Massively Multiplayer","Landmark"
"Massively Multiplayer","Eldevin"
"Massively Multiplayer","UFO Online"
"Massively Multiplayer","Block N Load"
"Massively Multiplayer","Miscreated"
"Massively Multiplayer","Divine Souls"
"Massively Multiplayer","Fiesta Online NA"
"Massively Multiplayer","Robocraft"
"Massively Multiplayer","ArcheAge"
"Massively Multiplayer","Trove"
"Massively Multiplayer","Star Sonata 2"
"Massively Multiplayer","The Elder Scrolls Online: Tamriel Unlimited"
"Massively Multiplayer","BattleSpace"
"Massively Multiplayer","Minimon"
"Massively Multiplayer","Naval Action"
"Massively Multiplayer","Forsaken Uprising"
"Massively Multiplayer","sZone-Online"
"Massively Multiplayer","Uncharted Waters Online: Episode Atlantis"
"Massively Multiplayer","Cubic Castles"
"Massively Multiplayer","AXYOS"
"Massively Multiplayer","Granado Espada"
"Massively Multiplayer","Warside"
"Massively Multiplayer","The Repopulation"
"Massively Multiplayer","Worlds Adrift"
"Massively Multiplayer","TERA"
"Massively Multiplayer","Boundless"
"Massively Multiplayer","Shroud of the Avatar: Forsaken Virtues"
"Massively Multiplayer","ShellShock Live"
"Massively Multiplayer","Gloria Victis"
"Massively Multiplayer","Out of Reach"
"Massively Multiplayer","The Slaughtering Grounds"
"Massively Multiplayer","Asteroids: Outpost"
"Massively Multiplayer","Redemption"
"Massively Multiplayer","School of Dragons: How to Train Your Dragon"
"Massively Multiplayer","The Exiled"
"Massively Multiplayer","Storm United"
"Massively Multiplayer","Gates of Horizon"
"Massively Multiplayer","Transformice"
"Massively Multiplayer","Dream Of Mirror Online"
"Massively Multiplayer","Angels of Fasaria: Version 2.0"
"Massively Multiplayer","Might & Magic Heroes Online"
"Massively Multiplayer","KWAAN"
"Massively Multiplayer","Karos"
"Massively Multiplayer","The SKIES"
"Massively Multiplayer","Navy Field 2 : Conqueror of the Ocean"
"Massively Multiplayer","Subsiege"
"Massively Multiplayer","Factions: Origins of Malu"
"Massively Multiplayer","VEGA Conflict"
"Massively Multiplayer","FreeStyle2: Street Basketball"
"Massively Multiplayer","AoF World Online"
"Massively Multiplayer","TDP4:Team Battle"
"Massively Multiplayer","Deepworld"
"Massively Multiplayer","MechWarrior Online"
"Massively Multiplayer","Manyland"
"Massively Multiplayer","Ascent - The Space Game"
"Massively Multiplayer","ARK: Survival Evolved"
"Massively Multiplayer","Lif"
"Massively Multiplayer","Musclecar Online"
"Massively Multiplayer","16 Bit Arena"
"Massively Multiplayer","Immune"
"Massively Multiplayer","M4 Tank Brigade"
"Massively Multiplayer","The Black Watchmen"
"Massively Multiplayer","Dark Forester"
"Massively Multiplayer","Aftermath"
"Massively Multiplayer","Audition Online"
"Massively Multiplayer","Alganon"
"Massively Multiplayer","Red Stone Online"
"Massively Multiplayer","Survival: Postapocalypse Now"
"Massively Multiplayer","Subspace Continuum"
"Massively Multiplayer","Time of Dragons"
"Massively Multiplayer","Aberoth"
"Massively Multiplayer","LoveBeat"
"Massively Multiplayer","TDP5 Arena 3D"
"Massively Multiplayer","Survarium"
"Massively Multiplayer","Heroes of Scene"
"Massively Multiplayer","Dragomon Hunter"
"Massively Multiplayer","Break_In"
"Massively Multiplayer","Elite Dangerous"
"Massively Multiplayer","The Secret World: Ultimate Edition"
"Massively Multiplayer","Choice Chamber"
"Massively Multiplayer","Once Bitten, Twice Dead"
"Massively Multiplayer","Cards and Castles"
"Massively Multiplayer","Tree of Life"
"Massively Multiplayer","Metal Reaper Online"
"Massively Multiplayer","Swordsman"
"Massively Multiplayer","WarBirds - World War II Combat Aviation"
"Massively Multiplayer","Hounds: The Last Hope"
"Massively Multiplayer","Spy Bugs"
"Massively Multiplayer","Nebula Online"
"Massively Multiplayer","Ghost in the Shell Stand Alone Complex First Assault Online"
"Massively Multiplayer","Uncrowded"
"Massively Multiplayer","Karos Returns"
"Massively Multiplayer","Tree of Savior (English Ver.)"
"Massively Multiplayer","RPG MO"
"Massively Multiplayer","Ryzom"
"Massively Multiplayer","Warhammer 40,000: Eternal Crusade"
"Massively Multiplayer","Trackmania Turbo"
"Massively Multiplayer","Assault CorpsII"
"Massively Multiplayer","SAGA"
"Massively Multiplayer","The Isle"
"Massively Multiplayer","Otherland"
"Massively Multiplayer","WildStar"
"Massively Multiplayer","Hide & Hold Out - H2o"
"Massively Multiplayer","Badland Bandits"
"Massively Multiplayer","Fishing Planet"
"Massively Multiplayer","Wind of Luck: Arena"
"Massively Multiplayer","Edengrad"
"Massively Multiplayer","Life of Rome"
"Massively Multiplayer","Allods Online RU"
"Massively Multiplayer","Tom Clancy's EndWar Online"
"Massively Multiplayer","Dragon Saga"
"Massively Multiplayer","Piercing Blow"
"Massively Multiplayer","Florensia"
"Massively Multiplayer","Prominence Poker"
"Massively Multiplayer","ABD: A Beautiful Day"
"Massively Multiplayer","AoF Chess Club 2.0"
"Massively Multiplayer","Astro Lords"
"Massively Multiplayer","Gladiators Online: Death Before Dishonor"
"Massively Multiplayer","Golden Rush"
"Massively Multiplayer","Crossout"
"Massively Multiplayer","Affected Zone Tactics"
"Massively Multiplayer","Nova Blitz"
"Massively Multiplayer","Project Genom"
"Massively Multiplayer","Knight Online"
"Massively Multiplayer","Garlock Online"
"Massively Multiplayer","Steel Ocean"
"Massively Multiplayer","Forgotten Lore"
"Massively Multiplayer","World of Soccer online"
"Massively Multiplayer","Atom Universe"
"Massively Multiplayer","BattleStick"
"Massively Multiplayer","Tower Unite"
"Massively Multiplayer","Sphere III: Enchanted World"
"Massively Multiplayer","Faeria"
"Massively Multiplayer","Fasaria World Online"
"Massively Multiplayer","Battle Battalions"
"Massively Multiplayer","Heaven Island - VR MMO"
"Massively Multiplayer","Linkrealms"
"Massively Multiplayer","Osiris: New Dawn"
"Massively Multiplayer","Sentou Gakuen: Revival"
"Massively Multiplayer","Legend of Dungeon: Masters"
"Massively Multiplayer","AltspaceVR"
"Massively Multiplayer","Devilian"
"Massively Multiplayer","ARK: Survival Of The Fittest"
"Massively Multiplayer","Lonath Online"
"Massively Multiplayer","Dungeons Of Kragmor"
"Massively Multiplayer","Elements: Epic Heroes"
"Massively Multiplayer","Metal War Online: Retribution"
"Massively Multiplayer","Drift Streets Japan"
"Massively Multiplayer","Hero's Song"
"Massively Multiplayer","Star Crusade CCG"
"Massively Multiplayer","Tactical Craft Online"
"Massively Multiplayer","The Final Frontier: Space Simulator"
"Massively Multiplayer","Emporea"
"Massively Multiplayer","StarBreak"
"Massively Multiplayer","World of Fishing"
"Massively Multiplayer","Divergence: Online"
"Massively Multiplayer","Gods and Idols"
"Massively Multiplayer","Imperia Online"
"Massively Multiplayer","Full Tilt Poker"
"Massively Multiplayer","Age of Magic CCG"
"Massively Multiplayer","Islet Online"
"Massively Multiplayer","CONTASION 2"
"Massively Multiplayer","Lost World Zero"
"Massively Multiplayer","Spellweaver"
"Massively Multiplayer","AdventureQuest 3D"
"Massively Multiplayer","AfterShock: OUTBREAK"
"Massively Multiplayer","Elemental Heroes"
"Massively Multiplayer","WarBirds Dogfights"
"Massively Multiplayer","Heliborne"
"Massively Multiplayer","H1Z1: King of the Kill"
"Massively Multiplayer","Pixel Survival - Craft Game"
"Massively Multiplayer","Galaxy Control: 3D Strategy"
"Massively Multiplayer","Governor of Poker 3"
"Massively Multiplayer","Beyond The Destiny"
"Massively Multiplayer","Shakes and Fidget"
"Massively Multiplayer","SCORE"
"Massively Multiplayer","Soccer Manager"
"Massively Multiplayer","Heroes of Shadow Guard"
"Massively Multiplayer","H1Z1: King of the Kill Test Server"
"Massively Multiplayer","Conan Exiles"
"Massively Multiplayer","Riders of Icarus"
"Massively Multiplayer","PWI"
"Massively Multiplayer","Fantasy Tales Online"
"Massively Multiplayer","UFO Online: Invasion"
"Massively Multiplayer","Elite Dangerous: Arena"
"Massively Multiplayer","Techwars Online"
"Massively Multiplayer","World of Tanks Blitz"
"Massively Multiplayer","Shattered Skies"
"Massively Multiplayer","Mystica: The Ninth Society"
"Massively Multiplayer","City of the Shroud"
"Massively Multiplayer","Atulos Online"
"Massively Multiplayer","Khan: Absolute Power"
"Massively Multiplayer","TheWave"
"Massively Multiplayer","Madness Cubed"
"Massively Multiplayer","Boundel"
"Massively Multiplayer","LuckCatchers"
"Massively Multiplayer","Age of Cavemen"
"Massively Multiplayer","DRAGON BALL XENOVERSE 2"
"Massively Multiplayer","Jackpot Poker by PokerStars"
"Massively Multiplayer","Winning Putt"
"Massively Multiplayer","Allods Online My.com"
"Massively Multiplayer","SurrealVR"
"Massively Multiplayer","Riding Out"
"Massively Multiplayer","Forge of Gods (RPG)"
"Massively Multiplayer","Rokh"
"Massively Multiplayer","Hero Battle"
"Massively Multiplayer","Last Survivor"
"Massively Multiplayer","Guardians of Ember"
"Massively Multiplayer","Screeps"
