"Free","name"
"Free","Half-Life: Source"
"Free","Half-Life 2: Lost Coast"
"Free","Half-Life Deathmatch: Source"
"Free","Team Fortress 2"
"Free","Dota 2"
"Free","Alien Swarm"
"Free","Source Filmmaker"
"Free","The Ship"
"Free","Gumboy: Crazy Adventures"
"Free","Gumboy Crazy Features"
"Free","Vigil: Blood Bitterness"
"Free","Peggle Extreme"
"Free","Bloodline Champions"
"Free","Bone: Out from Boneville"
"Free","Bone: The Great Cow Race"
"Free","DOOM 3"
"Free","Master Levels for DOOM II"
"Free","Champions Online"
"Free","Star Trek Online"
"Free","TrackMania Nations Forever"
"Free","Sherlock Holmes: The Mystery of The Mummy"
"Free","Dragon Nest"
"Free","Grand Theft Auto"
"Free","Grand Theft Auto 2"
"Free","America's Army 3"
"Free","Tribes: Ascend"
"Free","Pirates, Vikings, & Knights II"
"Free","Dystopia"
"Free","Empires"
"Free","Penumbra: Black Plague"
"Free","Penumbra: Overture"
"Free","DC Universe Online"
"Free","Delta Force: Black Hawk Down"
"Free","Delta Force: Black Hawk Down - Team Sabre"
"Free","BRAINPIPE: A Plunge to Unhumanity"
"Free","Forsaken World"
"Free","CrimeCraft GangWars"
"Free","Moonbase Alpha"
"Free","RIFT"
"Free","Altitude"
"Free","A.I.M. Racing"
"Free","Stronghold 3"
"Free","Stronghold Kingdoms"
"Free","Saira"
"Free","Magic: The Gathering — Duels of the Planeswalkers 2012"
"Free","Tactical Intervention"
"Free","ProtoGalaxy"
"Free","Cosmic Osmo"
"Free","Manhole"
"Free","Spelunx"
"Free","Gothic"
"Free","The Cat and the Coup"
"Free","Spiral Knights"
"Free","Puzzle Pirates"
"Free","Super Monday Night Combat"
"Free","ORION: Prelude"
"Free","Breath of Death VII"
"Free","Cthulhu Saves the World"
"Free","War Inc. Battlezone"
"Free","Memoir '44 Online"
"Free","MicroVolts Surge"
"Free","Neverwinter"
"Free","Data Jammers: FastForward"
"Free","APB Reloaded"
"Free","Fallen Earth"
"Free","Realm of the Mad God"
"Free","Geneforge 1"
"Free","Geneforge 2"
"Free","Geneforge 3"
"Free","Geneforge 4"
"Free","Geneforge 5"
"Free","Pox Nora"
"Free","EverQuest II"
"Free","America's Army: Proving Grounds"
"Free","EverQuest Free-to-Play"
"Free","Chronicle: RuneScape Legends"
"Free","Avernum 4"
"Free","Gotham City Impostors: Free To Play"
"Free","Dungeons & Dragons Online®"
"Free","AirMech"
"Free","Archeblade"
"Free","Moon Breakers"
"Free","Loadout"
"Free","Batman™: Arkham Origins"
"Free","A Valley Without Wind"
"Free","War of the Immortals"
"Free","Blacklight: Retribution"
"Free","RaceRoom Racing Experience"
"Free","Star Conflict"
"Free","Vindictus"
"Free","Mabinogi"
"Free","Atlantica Online"
"Free","C9"
"Free","The Lord of the Rings Online™"
"Free","Super Crate Box"
"Free","The Lord of the Rings Online™: Riders of Rohan™ Heroic Edition Live"
"Free","Atooms to Moolecules"
"Free","The White Laboratory Demo"
"Free","ThunderWheels"
"Free","Dwarfs F2P"
"Free","Gear Up"
"Free","GameMaker: Studio"
"Free","WAKFU"
"Free","Ragnarok"
"Free","ROSE Online"
"Free","Dungeon Party"
"Free","MapleStory"
"Free","Sleeping Dogs - Ghost Pig Pack"
"Free","Age of Conan: Unchained"
"Free","Dungeonland"
"Free","PlanetSide 2"
"Free","Frontline Tactics"
"Free","Smashmuck Champions"
"Free","The Banner Saga: Factions"
"Free","Dogs of War Online - Beta"
"Free","iPi Recorder 2"
"Free","Rail Adventures - VR Tech Demo"
"Free","Champions of Regnum"
"Free","AirBuccaneers"
"Free","Cry of Fear"
"Free","DCS World"
"Free","No More Room in Hell"
"Free","RPG Maker VX Ace Lite"
"Free","Defiance"
"Free","Sven Co-op"
"Free","Marvel Heroes 2016"
"Free","Pinball FX2"
"Free","Kingdom Wars"
"Free","Construct 2 Free"
"Free","Firefall"
"Free","Heroes & Generals"
"Free","A Valley Without Wind 2"
"Free","Resident Evil 6 Benchmark Tool"
"Free","Akaneiro: Demon Hunters"
"Free","Warframe"
"Free","Ragnarok Online 2"
"Free","SolForge"
"Free","Lunnye Devitsy"
"Free","Wake"
"Free","Gear Up: Premium"
"Free","Marvel Puzzle Quest"
"Free","Prime World"
"Free","King’s Bounty: Legions"
"Free","Dungeon Defenders II"
"Free","War Thunder"
"Free","Elsword"
"Free","Shadow Warrior Classic (1997)"
"Free","Pinball Arcade"
"Free","Path of Exile"
"Free","The Mighty Quest For Epic Loot"
"Free","Soldier Front 2"
"Free","Panzar"
"Free","Ohm Studio"
"Free","GunZ 2: The Second Duel"
"Free","Tom Clancy's Ghost Recon Phantoms - NA"
"Free","Rise of Flight United"
"Free","Epigenesis"
"Free","NEOTOKYO°"
"Free","SNOW"
"Free","Wizardry 6: Bane of the Cosmic Forge"
"Free","Wizardry 7: Crusaders of the Dark Savant"
"Free","Happy Wars"
"Free","Portal 2 Sixense Perceptual Pack"
"Free","Saints Row IV - Reverse Cosplay Pack"
"Free","Toribash"
"Free","8BitMMO"
"Free","The Plan"
"Free","Heroes of Havoc"
"Free","CABAL Online"
"Free","Warmachine Tactics"
"Free","theHunter"
"Free","Dofus"
"Free","Might & Magic: Duel of Champions"
"Free","Fuse"
"Free","Max Gentlemen"
"Free","Infinity Wars - Animated Trading Card Game"
"Free","Dragon's Prophet (EU)"
"Free","Just Cause 2: Multiplayer Mod"
"Free","Get Off My Lawn!"
"Free","The Four Kings Casino and Slots"
"Free","Episode 1 - A Boy Learns What Fear Is"
"Free","World of Guns: Gun Disassembly"
"Free","Dragons and Titans"
"Free","Villagers and Heroes"
"Free","Victory: The Age of Racing"
"Free","La Tale"
"Free","Narcissu 1st & 2nd"
"Free","Fistful of Frags"
"Free","Cannons Lasers Rockets"
"Free","DRAKERZ-Confrontation"
"Free","City of Steam: Arkadia"
"Free","Lost Saga North America"
"Free","Anarchy Arcade"
"Free","Conquest of Champions"
"Free","Aura Kingdom"
"Free","EVGA Precision XOC"
"Free","Depression Quest"
"Free","HAWKEN"
"Free","Worlds Adrift Island Creator"
"Free","Serena"
"Free","Counter-Strike Nexon: Zombies"
"Free","Evolve Stage 2"
"Free","Deadbreed®"
"Free","Creativerse"
"Free","Indie Graphics Bundle"
"Free","EAC eSports"
"Free","FaeVerse Alchemy"
"Free","Lucent Heart"
"Free","Heroine's Quest: The Herald of Ragnarok"
"Free","Lost Squad"
"Free","ACE - Arena: Cyber Evolution"
"Free","You Have to Win the Game"
"Free","Mortal Online"
"Free","Requiem"
"Free","Echo of Soul"
"Free","My Lands"
"Free","Evolution RTS"
"Free","Duelyst"
"Free","Warface"
"Free","Brawlhalla"
"Free","Sentinel"
"Free","Card Hunter"
"Free","Amazing World"
"Free","Guns and Robots"
"Free","Galcon 2"
"Free","Royal Quest"
"Free","Darkwind: War on Wheels"
"Free","Brigade E5: New Jagged Union"
"Free","Famaze"
"Free","Eldevin"
"Free","The Desolate Hope"
"Free","Red Crucible: Firestorm"
"Free","Only If"
"Free","Block N Load"
"Free","CubeGun"
"Free","Forgotten Myths CCG"
"Free","Divine Souls"
"Free","Total War Battles: KINGDOM"
"Free","Gear Up: Basic"
"Free","Fiesta Online NA"
"Free","Robocraft"
"Free","Floating Point"
"Free","BLOCKADE 3D"
"Free","ArcheAge"
"Free","Trove"
"Free","Unturned"
"Free","Battle Islands"
"Free","Cakewalk Loop Manager"
"Free","CRYENGINE - Sample Assets"
"Free","Zombies Monsters Robots"
"Free","BattleSpace"
"Free","Velvet Sundown"
"Free","The Way of Life Free Edition"
"Free","Fractured Space"
"Free","BloodRealm: Battlegrounds"
"Free","Wild Warfare"
"Free","Simply Chess"
"Free","Order of Battle: World War II"
"Free","The Expendabros"
"Free","Sunrider: Mask of Arcadius"
"Free","Pool Nation FX"
"Free","Boid"
"Free","The Forgotten Ones"
"Free","Age of Conquest IV"
"Free","Magic Duels"
"Free","sZone-Online"
"Free","Uncharted Waters Online: Episode Atlantis"
"Free","Double Action: Boogaloo"
"Free","Color Symphony"
"Free","Cubic Castles"
"Free","Heroes of SoulCraft"
"Free","Life Is Strange™"
"Free","Granado Espada"
"Free","Warside"
"Free","Sigils of Elohim"
"Free","Rising Angels: Reborn"
"Free","TERA"
"Free","SteamVR Performance Test"
"Free","TOXIKK"
"Free","CRYENGINE - Wwise Project DLC"
"Free","Killing Floor - Toy Master"
"Free","CaesarIA"
"Free","Tales Runner"
"Free","Battlegrounds of Eldhelm"
"Free","Gems of War"
"Free","Avalon Lords: Dawn Rises"
"Free","Krosmaster Arena"
"Free","Kingdoms CCG"
"Free","Running Shadow"
"Free","Passing Pineview Forest"
"Free","Heavy Metal Machines"
"Free","Everlasting Summer"
"Free","School of Dragons: How to Train Your Dragon"
"Free","Dirty Bomb"
"Free","Epic Arena"
"Free","Magic Barrage - Bitferno"
"Free","Transformice"
"Free","Brick-Force"
"Free","Dream Of Mirror Online"
"Free","Insecters War"
"Free","Combat Monsters"
"Free","Anno Online"
"Free","Might & Magic Heroes Online"
"Free","HIT"
"Free","Karos"
"Free","The SKIES"
"Free","Echoes+"
"Free","Batla"
"Free","Nightbanes"
"Free","Navy Field 2 : Conqueror of the Ocean"
"Free","Demise of Nations"
"Free","Fork Parker's Holiday Profit Hike"
"Free","Strife"
"Free","VEGA Conflict"
"Free","FreeStyle2: Street Basketball"
"Free","Quintet"
"Free","Spartans Vs Zombies Defense"
"Free","TDP4:Team Battle"
"Free","Deepworld"
"Free","Hotline Miami 2: Wrong Number Digital Comic"
"Free","Among Ripples"
"Free","Games of Glory"
"Free","MechWarrior Online"
"Free","Gunscape"
"Free","HIS (Heroes In the Sky)"
"Free","Destination Sol"
"Free","CroNix"
"Free","Irrational Exuberance: Prologue"
"Free","InMind VR"
"Free","Firefly Online Cortex"
"Free","Voxelized"
"Free","Immortal Empire"
"Free","King's Quest"
"Free","Without Within"
"Free","Boring Man - Online Tactical Stickman Combat"
"Free","The Old Tree"
"Free","BrainBread 2"
"Free","AdVenture Capitalist"
"Free","The Making of Grim Fandango Remastered: E3 and Beyond"
"Free","The Making of Grim Fandango Remastered: The Remastered Treatment"
"Free","16 Bit Arena"
"Free","Google Earth VR"
"Free","Bierzerkers"
"Free","Voices from the Sea"
"Free","Immune"
"Free","Walkover"
"Free","UFHO2"
"Free","Aftermath"
"Free","Audition Online"
"Free","The Gate"
"Free","Alganon"
"Free","Red Stone Online"
"Free","Bloodwood Reload"
"Free","Pixel Puzzles Ultimate"
"Free","Rustbucket Rumble"
"Free","Clean'Em Up"
"Free","Fire With Fire: Online Tower Attack and Defense"
"Free","Eternal Senia"
"Free","Invisible Apartment"
"Free","Dev Guy"
"Free","Crazy Machines 3"
"Free","Curse of Mermos"
"Free","Subspace Continuum"
"Free","Time of Dragons"
"Free","how do you Do It?"
"Free","Aberoth"
"Free","LoveBeat"
"Free","PAYDAY: The Web Series: The Vault"
"Free","PAYDAY: The Web Series: Hector"
"Free","PAYDAY: The Web Series: The Elephant"
"Free","PAYDAY: The Web Series: Greta: The Assassin"
"Free","PAYDAY: The Web Series: Vlad & Gage"
"Free","The Settlers Online"
"Free","GlassWire"
"Free","TDP5 Arena 3D"
"Free","Codename CURE"
"Free","Leadwerks Game Launcher"
"Free","Survarium"
"Free","Heroes of Scene"
"Free","METAL SLUG DEFENSE"
"Free","Dragomon Hunter"
"Free","Soccer Manager 2015"
"Free","Port of Call"
"Free","Spooky's Jump Scare Mansion"
"Free","Frozen Free Fall: Snowball Fight"
"Free","Major Stryker"
"Free","Stargunner"
"Free","Copa Petrobras de Marcas"
"Free","Cards and Castles"
"Free","Run and Fire"
"Free","Ultimate Tic-Tac-Toe"
"Free","404Sight"
"Free","Disney Infinity 3.0: Play Without Limits"
"Free","Mortal Kombat: Legacy: Jax, Sonya and Kano (Part 2)"
"Free","Mortal Kombat: Legacy: Johnny Cage"
"Free","Mortal Kombat: Legacy: Kitana & Mileena (Part 1)"
"Free","Mortal Kombat: Legacy: Kitana & Mileena (Part 2)"
"Free","Mortal Kombat: Legacy: Raiden"
"Free","Mortal Kombat: Legacy: Scorpion and Sub-Zero (Part 1)"
"Free","Mortal Kombat: Legacy: Scorpion and Sub-Zero (Part 2)"
"Free","Mortal Kombat: Legacy: Cyrax & Sektor"
"Free","Metal Reaper Online"
"Free","Mortal Kombat: Legacy II: Reunited in Macau"
"Free","Mortal Kombat: Legacy II: The Fall of Liu Kang"
"Free","Mortal Kombat: Legacy II: Kenshi's Origin"
"Free","Mortal Kombat: Legacy II: Kenshi Encounters Ermac"
"Free","Mortal Kombat: Legacy II: Kitana and Mileena"
"Free","Mortal Kombat: Legacy II: Johnny Cage"
"Free","Mortal Kombat: Legacy II: Scorpion and Sub-Zero (Part 1)"
"Free","Mortal Kombat: Legacy II: Scorpion and Sub-Zero (Part 2)"
"Free","Mortal Kombat: Legacy II: Liu Kang"
"Free","Mortal Kombat: Legacy II: Liu Kang and Kung Lao"
"Free","Regimental Chess"
"Free","Clicker Heroes"
"Free","Swordsman"
"Free","Freshman Year"
"Free","Escape"
"Free","One Manga Day"
"Free","Shadow Hunter"
"Free","Transmissions: Element 120"
"Free","Blender 2.77"
"Free","Esenthel Engine"
"Free","Fazbear Nightmare"
"Free","Mainland"
"Free","SECTOR"
"Free","Seduce Me the Otome"
"Free","Visibility"
"Free","Jigoku Kisetsukan: Sense of the Seasons"
"Free","Force of Elements"
"Free","Vinyl"
"Free","Ghost in the Shell Stand Alone Complex First Assault Online"
"Free","Let the Cat In"
"Free","Wyrmsun"
"Free","Ruzh Delta Z"
"Free","Karos Returns"
"Free","Tree of Savior (English Ver.)"
"Free","Astro Lords: Oort Cloud"
"Free","The Lost Mythologies"
"Free","Envelop for Windows"
"Free","RPG MO"
"Free","Shot In The Dark"
"Free","All Is Dust"
"Free","Ryzom"
"Free","Letter Quest: Grimm's Journey Remastered"
"Free","Ember Strike"
"Free","Bitweb"
"Free","Air Brawl"
"Free","Viridi"
"Free","SAGA"
"Free","Otherland"
"Free","WildStar"
"Free","Tactical Genius"
"Free","Close Your Eyes"
"Free","Who Is Mike"
"Free","IRFaceRig"
"Free","The Knobbly Crook: Chapter I - The Horse You Sailed In On"
"Free","Nomad"
"Free","Badland Bandits"
"Free","Alteil: Horizons"
"Free","The Secret of Tremendous Corporation"
"Free","Tap Tap Infinity"
"Free","Fishing Planet"
"Free","Teeworlds"
"Free","Epic Cards Battle(TCG)"
"Free","Allods Online RU"
"Free","Tom Clancy's EndWar Online"
"Free","Trials on Tatooine"
"Free","Dragon Saga"
"Free","Relic Hunters Zero"
"Free","Piercing Blow"
"Free","Sakura Clicker"
"Free","Florensia"
"Free","TeraBlaster"
"Free","Prominence Poker"
"Free","Battle for Blood - Epic battles within 30 seconds!"
"Free","Lamia Must Die"
"Free","Radiator 2"
"Free","Astro Lords"
"Free","Time Clickers"
"Free","Gladiators Online: Death Before Dishonor"
"Free","Golden Rush"
"Free","SMITE"
"Free","Affected Zone Tactics"
"Free","Shadow of Kingdoms"
"Free","Build a Game Universe"
"Free","the static speaks my name"
"Free","Clown House (Palyaço Evi)"
"Free","Nova Blitz"
"Free","One Way To Die: Steam Edition"
"Free","Knight Online"
"Free","Garlock Online"
"Free","Mitos.is: The Game"
"Free","High Fidelity"
"Free","Steel Ocean"
"Free","Fingerbones"
"Free","WARMODE"
"Free","Uebergame"
"Free","BattleSouls"
"Free","Littlstar VR Cinema"
"Free","Silver Creek Falls - Chapter 1"
"Free","Lost Lands: A Hidden Object Adventure"
"Free","World of Soccer online"
"Free","Insanity Clicker"
"Free","RoShamBo Arena"
"Free","Atom Universe"
"Free","Sound Shift"
"Free","BattleStick"
"Free","The Legend of Tango"
"Free","Battleline: Steel Warfare"
"Free","Missing Translation"
"Free","InCell VR"
"Free","The Rose and I"
"Free","The Spookening"
"Free","Sphere III: Enchanted World"
"Free","Faeria"
"Free","MachineCraft"
"Free","Romance of the Three Kingdoms Maker"
"Free","Business Tour"
"Free","Woof Blaster"
"Free","Absent"
"Free","War of Beach"
"Free","Comedy Quest"
"Free","Battle Battalions"
"Free","Cloney"
"Free","ShareX"
"Free","Atlas Reactor"
"Free","Crusaders of the Lost Idols"
"Free","Nyctophilia"
"Free","Driver Booster 3 for STEAM"
"Free","Codename: Rogue Fleet"
"Free","PresenZ"
"Free","Endless Sky"
"Free","SC2VN - The eSports Visual Novel"
"Free","Relive"
"Free","Godot Engine"
"Free","Sentou Gakuen: Revival"
"Free","Legend of Dungeon: Masters"
"Free","AltspaceVR"
"Free","Soccer Manager 2016"
"Free","Pro Evolution Soccer 2016 myClub"
"Free","Devilian"
"Free","Princess Remedy in a World of Hurt"
"Free","ePic Character Generator"
"Free","The Stanford Ocean Acidification Experience"
"Free","Dr. Langeskov, The Tiger, and The Terribly Cursed Emerald: A Whirlwind Heist"
"Free","Genesis Online"
"Free","Pink Hour"
"Free","Pink Heaven"
"Free","HEX: Shards of Fate"
"Free","Master of Orion 1"
"Free","Master of Orion 2"
"Free","Master of Orion 3"
"Free","Dota 2 Player Profiles: EG - Suma1L"
"Free","Dota 2 Player Profiles: Na'Vi - XBOCT"
"Free","Dota 2 Player Profiles: Invictus Gaming - Ferrari"
"Free","Dota 2 Player Profiles: MVPHot6 - HEEN"
"Free","Dota 2 Player Profiles: EHome - ROTKE"
"Free","Dota 2 Player Profiles: Cloud9 - NoTail"
"Free","Dota 2 Player Profiles: Complexity - zfreek"
"Free","Dota 2 Player Profiles: Empire - Alohadance"
"Free","Dota 2 Player Profiles: Fnatic - Kecik-Imba"
"Free","Dota 2 Player Profiles: LGD - Xiao8"
"Free","Dota 2 Player Profiles: Newbee - Mu"
"Free","Dota 2 Player Profiles: TeamSecret - S4"
"Free","Dota 2 Player Profiles: Vici - fy"
"Free","Dota 2 Player Profiles: Virtus.Pro - FNG"
"Free","The FOO Show"
"Free","Electric Highways"
"Free","GASP"
"Free","Metal War Online: Retribution"
"Free","Back to Dinosaur Island"
"Free","Metal Assault"
"Free","Goultard"
"Free","CS:GO Player Profiles: n0thing - Cloud9"
"Free","CS:GO Player Profiles:  TaZ - Virtus.Pro"
"Free","CS:GO Player Profiles: GeT_RiGhT - Ninjas in Pyjamas"
"Free","CS:GO Player Profiles: olofmeister - fnatic"
"Free","CS:GO Player Profiles: kennyS - Team Envyus"
"Free","CS:GO Player Profiles: Edward - Na'Vi"
"Free","CS:GO Player Profiles: markeloff - Flipsid3"
"Free","CS:GO Player Profiles: device - Team SoloMid"
"Free","CS:GO Player Profiles: FalleN - Luminosity"
"Free","Epic Clicker Journey"
"Free","Star Crusade CCG"
"Free","Mystic Saga"
"Free","Tactical Craft Online"
"Free","Written in the Sky"
"Free","Emporea"
"Free","Gunslingers"
"Free","Oh...Sir!"
"Free","Emily is Away"
"Free","Apotheon Arena"
"Free","Street Warriors Online"
"Free","Retaliation"
"Free","Dota 2 Player Profiles: CDEC's Journey to The Majors"
"Free","Dota 2 Player Profiles: EG Champions of TI5"
"Free","StarBreak"
"Free","I must kill...: Fresh Meat"
"Free","CUPID - A free to play Visual Novel"
"Free","World of Fishing"
"Free","Metaverse Construction Kit"
"Free","Carpe Diem"
"Free","Gods and Idols"
"Free","Iron Snout"
"Free","Imperia Online"
"Free","Virtually Live presents Formula E Season Two Highlights"
"Free","Age of Magic CCG"
"Free","Orcs Must Die! Unchained"
"Free","Red Haze"
"Free","Take the Dream IX"
"Free","Project CARS - Pagani Edition"
"Free","Sepia Tears"
"Free","Spellweaver"
"Free","The Sad Story of Emmeline Burns"
"Free","Clash of the Monsters"
"Free","Mystic Destinies: Serendipity of Aeons"
"Free","Frosty Kiss"
"Free","KABOUNCE"
"Free","Voice of the Citizens"
"Free","Elemental Heroes"
"Free","Virtual Pool 4 Multiplayer"
"Free","BlackShot: Mercenary Warfare FPS"
"Free","XSplit"
"Free","Premium Pool"
"Free","To Burn in Memory"
"Free","Abbot's Book Demo"
"Free","Mathoria: It All Adds Up"
"Free","Simutrans"
"Free","Lost Lands: Mahjong"
"Free","GameLooper"
"Free","Galaxy Control: 3D Strategy"
"Free","Medusa's Labyrinth"
"Free","Governor of Poker 3"
"Free","The Panic Room"
"Free","Waltz of the Wizard"
"Free","The Lion's Song"
"Free","SOLRAVEN"
"Free","Party Jousting"
"Free","Shakes and Fidget"
"Free","Star Realms"
"Free","Soccer Manager"
"Free","One Troll Army"
"Free","Heroes of Shadow Guard"
"Free","Legends of Callasia"
"Free","Lucid9"
"Free","Tap Tap Legions - Epic battles within 5 seconds!"
"Free","Heavenstrike Rivals®"
"Free","Riders of Icarus"
"Free","PWI"
"Free","Iron Madness"
"Free","Fantasy Tales Online"
"Free","UFO Online: Invasion"
"Free","Antenna"
"Free","Paladins"
"Free","World of Tanks Blitz"
"Free","Crown and Council"
"Free","SpellKnights"
"Free","Bloons TD Battles"
"Free","Zaccaria Pinball"
"Free","The Average Everyday Adventures of Samantha Browne"
"Free","Lost girl`s [diary]"
"Free","Battle Islands: Commanders"
"Free","Smash Up"
"Free","Skeet: VR Target Shooting"
"Free","The Huntsman: Winter's Curse"
"Free","IKEA VR Experience"
"Free","Regeria Hope Episode 1"
"Free","Bitardia Cards: Memes of 2ch"
"Free","Maneki's Curse"
"Free","Origin Of Destiny"
"Free","VirZOOM Arcade"
"Free","About Elise"
"Free","The Divergent Series: Allegiant VR"
"Free","Steno Arcade"
"Free","The Bottom of the Well"
"Free","Jesus Christ RPG Trilogy"
"Free","Rock Paper Scissors Champion"
"Free","Engage"
"Free","Istrolid"
"Free","Atulos Online"
"Free","Jacob"
"Free","Overload Playable Teaser"
"Free","The Lab"
"Free","Khan: Absolute Power"
"Free","Wartune"
"Free","IS Defense Editor"
"Free","The Secret of Pineview Forest"
"Free","The Body VR"
"Free","Spellstone"
"Free","The Cubicle."
"Free","Back to Dinosaur Island 2"
"Free","Realities"
"Free","RuneScape: Idle Adventures"
"Free","TheWave"
"Free","Destinations"
"Free","Shadowverse"
"Free","Midnight Animal"
"Free","Black Rose"
"Free","LuckCatchers"
"Free","Age of Cavemen"
"Free","Jackpot Poker by PokerStars"
"Free","PaintLab"
"Free","Spell Fighter VR"
"Free","Jaunt VR - Experience Cinematic Virtual Reality"
"Free","Muv-Luv VR"
"Free","Gary the Gull"
"Free","Atlas Reactor VR Character Viewer"
"Free","High Octane Drift"
"Free","STORM VR"
"Free","Surgeon Simulator VR: Meet The Medic"
"Free","Bigscreen Beta"
"Free","Vrideo"
"Free","CS:GO Player Profiles: karrigan - Astralis"
"Free","CS:GO Player Profiles: pashaBiceps - Virtus.Pro"
"Free","CS:GO Player Profiles: Guardian - Na'Vi"
"Free","CS:GO Player Profiles: Happy - Team EnVyUs"
"Free","CS:GO Player Profiles: fnx - Luminosity"
"Free","CS:GO Player Profiles: Friberg - Ninjas in Pyjamas"
"Free","CS:GO Player Profiles: Maikelele - FaZe"
"Free","Cabals: Magic & Battle Cards"
"Free","Plastic Playground"
"Free","ABE VR"
"Free","Palinurus"
"Free","Within"
"Free","Winning Putt"
"Free","Intruder Alert: Ixian Operations"
"Free","Allods Online My.com"
"Free","Discovr™ Egypt: King Tut's Tomb"
"Free","Crush Crush"
"Free","Allumette"
"Free","SurrealVR"
"Free","Mandagon"
"Free","Ghoul Kid"
"Free","Legionwood: Tale of the Two Swords"
"Free","Forge of Gods (RPG)"
"Free","Skyreach"
"Free","8i"
"Free","Poly Runner VR"
"Free","AdVenture Communist"
"Free","Wander No More"
"Free","Clover Tale"
"Free","One Tower"
"Free","One Thousand Lies"
"Free","Heroes Must Die"
"Free","Colosse"
"Free","Maui"
"Free","ChuSingura46+1 S"
"Free","Twisted Worlds"
"Free","Sketchfab VR"
"Free","Don Bradman Cricket 17 Demo"
