"category","name"
"In App Purchase","Team Fortress 2"
"In App Purchase","Dota 2"
"In App Purchase","Counter-Strike: Global Offensive"
"In App Purchase","RIFT"
"In App Purchase","Chronicle: RuneScape Legends"
"In App Purchase","RaceRoom Racing Experience"
"In App Purchase","PAYDAY 2"
"In App Purchase","Heroes & Generals"
"In App Purchase","War Thunder"
"In App Purchase","Blood Bowl 2"
"In App Purchase","SNOW"
"In App Purchase","Heroes of Havoc"
"In App Purchase","Dofus"
"In App Purchase","Infinity Wars - Animated Trading Card Game"
"In App Purchase","Creativerse"
"In App Purchase","Jack Nicklaus Perfect Golf"
"In App Purchase","Duelyst"
"In App Purchase","Red Crucible: Firestorm"
"In App Purchase","Forgotten Myths CCG"
"In App Purchase","Trove"
"In App Purchase","Unturned"
"In App Purchase","Super Dungeon Bros"
"In App Purchase","Fractured Space"
"In App Purchase","Boid"
"In App Purchase","Age of Conquest IV"
"In App Purchase","Magic Duels"
"In App Purchase","Primal Carnage: Extinction"
"In App Purchase","Warhammer 40,000: Regicide"
"In App Purchase","Tales Runner"
"In App Purchase","Reflex"
"In App Purchase","Kingdoms CCG"
"In App Purchase","The SKIES"
"In App Purchase","Immortal Empire"
"In App Purchase","RUMP! - It's a Jump and Rump!"
"In App Purchase","LawBreakers"
"In App Purchase","Cards and Castles"
"In App Purchase","Nebula Online"
"In App Purchase","Holodrive"
"In App Purchase","Ember Strike"
"In App Purchase","WildStar"
"In App Purchase","Alteil: Horizons"
"In App Purchase","Prominence Poker"
"In App Purchase","Crossout"
"In App Purchase","Build a Game Universe"
"In App Purchase","Nova Blitz"
"In App Purchase","TRON RUN/r"
"In App Purchase","BattleSouls"
"In App Purchase","Insanity Clicker"
"In App Purchase","RoShamBo Arena"
"In App Purchase","Battleline: Steel Warfare"
"In App Purchase","Faeria"
"In App Purchase","Business Tour"
"In App Purchase","Linkrealms"
"In App Purchase","Atlas Reactor"
"In App Purchase","SUPERFIGHT"
"In App Purchase","Pro Cycling Manager 2016"
"In App Purchase","Unfortunate Spacemen"
"In App Purchase","HEX: Shards of Fate"
"In App Purchase","Epic Clicker Journey"
"In App Purchase","Star Crusade CCG"
"In App Purchase","Emporea"
"In App Purchase","StarBreak"
"In App Purchase","World of Fishing"
"In App Purchase","Orcs Must Die! Unchained"
"In App Purchase","AdventureQuest 3D"
"In App Purchase","Mystic Destinies: Serendipity of Aeons"
"In App Purchase","Elemental Heroes"
"In App Purchase","Virtual Pool 4 Multiplayer"
"In App Purchase","BlackShot: Mercenary Warfare FPS"
"In App Purchase","Premium Pool"
"In App Purchase","Galaxy Control: 3D Strategy"
"In App Purchase","Governor of Poker 3"
"In App Purchase","Ultimate Arena"
"In App Purchase","Line of Sight"
"In App Purchase","Heroes of Shadow Guard"
"In App Purchase","Friday the 13th: The Game"
"In App Purchase","Riders of Icarus"
"In App Purchase","Fantasy Tales Online"
"In App Purchase","UFO Online: Invasion"
"In App Purchase","Paladins"
"In App Purchase","World of Tanks Blitz"
"In App Purchase","Bloons TD Battles"
"In App Purchase","Atomic Space Command"
"In App Purchase","Battle Islands: Commanders"
"In App Purchase","Khan: Absolute Power"
"In App Purchase","Wartune"
"In App Purchase","Spellstone"
"In App Purchase","RuneScape: Idle Adventures"
"In App Purchase","Madness Cubed"
"In App Purchase","Shadowverse"
"In App Purchase","LuckCatchers"
"In App Purchase","Age of Cavemen"
"In App Purchase","Pro Evolution Soccer 2017"
"In App Purchase","High Octane Drift"
"In App Purchase","Cabals: Magic & Battle Cards"
"In App Purchase","Winning Putt"
"In App Purchase","Allods Online My.com"
"In App Purchase","Crush Crush"
"In App Purchase","Forge of Gods (RPG)"
"In App Purchase","AdVenture Communist"
"In App Purchase","Clover Tale"
"In App Purchase","One Tower"
"In App Purchase","Guardians of Ember"
"In App Purchase","Twisted Worlds"
